name,mobile,code,url,surname,nationality,full_name,Alternate Number
Hamilton,918978675645,HAM,http://en.wikipedia.org/wiki/Lewis_Hamilton,Hamilton,British,Hamilton Hamilton,7867676767
Heidfeld,918767676767,HEI,http://en.wikipedia.org/wiki/Nick_Heidfeld,Heidfeld,German,Heidfeld Heidfeld,7845776544
Rosberg,918978675645,ROS,http://en.wikipedia.org/wiki/Nico_Rosberg,Rosberg,German,Rosberg Rosberg,7867676767
Alonso,9.18979E+11,ALO,http://en.wikipedia.org/wiki/Fernando_Alonso,Alonso,Spanish,Alonso Alonso,
Kovalainen,9.18979E+11,KOV,http://en.wikipedia.org/wiki/Heikki_Kovalainen,Kovalainen,Finnish,Kovalainen Kovalainen,
Nakajima,9.18979E+11,NAK,http://en.wikipedia.org/wiki/Kazuki_Nakajima,Nakajima,Japanese,Nakajima Nakajima,
Bourdais,9.18979E+11,BOU,http://en.wikipedia.org/wiki/S%C3%A9bastien_Bourdais,Bourdais,French,Bourdais Bourdais,
Raikkonen,9.18979E+11,RAI,http://en.wikipedia.org/wiki/Kimi_R%C3%A4ikk%C3%B6nen,Räikkönen,Finnish,Raikkonen Räikkönen,
Kubica,9.18979E+11,KUB,http://en.wikipedia.org/wiki/Robert_Kubica,Kubica,Polish,Kubica Kubica,
Glock,9.18979E+11,GLO,http://en.wikipedia.org/wiki/Timo_Glock,Glock,German,Glock Glock,
Sato,9.18979E+11,SAT,http://en.wikipedia.org/wiki/Takuma_Sato,Sato,Japanese,Sato Sato,
Piquet_Jr,9.18979E+11,PIQ,"http://en.wikipedia.org/wiki/Nelson_Piquet,_Jr.",Piquet Jr.,Brazilian,Piquet_Jr Piquet Jr.,
Massa,9.18979E+11,MAS,http://en.wikipedia.org/wiki/Felipe_Massa,Massa,Brazilian,Massa Massa,
Coulthard,9.18979E+11,COU,http://en.wikipedia.org/wiki/David_Coulthard,Coulthard,British,Coulthard Coulthard,
Trulli,9.18979E+11,TRU,http://en.wikipedia.org/wiki/Jarno_Trulli,Trulli,Italian,Trulli Trulli,
Sutil,9.18979E+11,SUT,http://en.wikipedia.org/wiki/Adrian_Sutil,Sutil,German,Sutil Sutil,
Webber,9.18979E+11,WEB,http://en.wikipedia.org/wiki/Mark_Webber_(racing_driver),Webber,Australian,Webber Webber,
Button,9.18979E+11,BUT,http://en.wikipedia.org/wiki/Jenson_Button,Button,British,Button Button,
Davidson,9.18979E+11,DAV,http://en.wikipedia.org/wiki/Anthony_Davidson,Davidson,British,Davidson Davidson,
Vettel,9.18979E+11,VET,http://en.wikipedia.org/wiki/Sebastian_Vettel,Vettel,German,Vettel Vettel,
Fisichella,9.18979E+11,FIS,http://en.wikipedia.org/wiki/Giancarlo_Fisichella,Fisichella,Italian,Fisichella Fisichella,
Barrichello,9.18979E+11,BAR,http://en.wikipedia.org/wiki/Rubens_Barrichello,Barrichello,Brazilian,Barrichello Barrichello,
Ralf_Schumacher,9.18979E+11,SCH,http://en.wikipedia.org/wiki/Ralf_Schumacher,Schumacher,German,Ralf_Schumacher Schumacher,
Liuzzi,9.18979E+11,LIU,http://en.wikipedia.org/wiki/Vitantonio_Liuzzi,Liuzzi,Italian,Liuzzi Liuzzi,
Wurz,9.18979E+11,WUR,http://en.wikipedia.org/wiki/Alexander_Wurz,Wurz,Austrian,Wurz Wurz,
Speed,9.18979E+11,SPE,http://en.wikipedia.org/wiki/Scott_Speed,Speed,American,Speed Speed,
Albers,9.18979E+11,ALB,http://en.wikipedia.org/wiki/Christijan_Albers,Albers,Dutch,Albers Albers,
Markus_Winkelhock,9.18979E+11,WIN,http://en.wikipedia.org/wiki/Markus_Winkelhock,Winkelhock,German,Markus_Winkelhock Winkelhock,
Yamamoto,9.18979E+11,YAM,http://en.wikipedia.org/wiki/Sakon_Yamamoto,Yamamoto,Japanese,Yamamoto Yamamoto,
Michael_Schumacher,9.18979E+11,MSC,http://en.wikipedia.org/wiki/Michael_Schumacher,Schumacher,German,Michael_Schumacher Schumacher,
Montoya,9.18979E+11,MON,http://en.wikipedia.org/wiki/Juan_Pablo_Montoya,Pablo Montoya,Colombian,Montoya Pablo Montoya,
Klien,9.18979E+11,KLI,http://en.wikipedia.org/wiki/Christian_Klien,Klien,Austrian,Klien Klien,
Monteiro,9.18979E+11,TMO,http://en.wikipedia.org/wiki/Tiago_Monteiro,Monteiro,Portuguese,Monteiro Monteiro,
Ide,9.18979E+11,IDE,http://en.wikipedia.org/wiki/Yuji_Ide,Ide,Japanese,Ide Ide,
Villeneuve,9.18979E+11,VIL,http://en.wikipedia.org/wiki/Jacques_Villeneuve,Villeneuve,Canadian,Villeneuve Villeneuve,
Montagny,9.18979E+11,FMO,http://en.wikipedia.org/wiki/Franck_Montagny,Montagny,French,Montagny Montagny,
Rosa,9.18979E+11,DLR,http://en.wikipedia.org/wiki/Pedro_de_la_Rosa,de la Rosa,Spanish,Rosa de la Rosa,
Doornbos,9.18979E+11,DOO,http://en.wikipedia.org/wiki/Robert_Doornbos,Doornbos,Dutch,Doornbos Doornbos,
Karthikeyan,9.18979E+11,KAR,http://en.wikipedia.org/wiki/Narain_Karthikeyan,Karthikeyan,Indian,Karthikeyan Karthikeyan,
Friesacher,9.18979E+11,FRI,http://en.wikipedia.org/wiki/Patrick_Friesacher,Friesacher,Austrian,Friesacher Friesacher,
Zonta,9.18979E+11,ZON,http://en.wikipedia.org/wiki/Ricardo_Zonta,Zonta,Brazilian,Zonta Zonta,
Pizzonia,9.18979E+11,PIZ,http://en.wikipedia.org/wiki/Ant%C3%B4nio_Pizzonia,Pizzonia,Brazilian,Pizzonia Pizzonia,
Matta,9.18979E+11,\N,http://en.wikipedia.org/wiki/Cristiano_da_Matta,da Matta,Brazilian,Matta da Matta,
Panis,9.18979E+11,\N,http://en.wikipedia.org/wiki/Olivier_Panis,Panis,French,Panis Panis,
Pantano,9.18979E+11,\N,http://en.wikipedia.org/wiki/Giorgio_Pantano,Pantano,Italian,Pantano Pantano,
Bruni,9.18979E+11,\N,http://en.wikipedia.org/wiki/Gianmaria_Bruni,Bruni,Italian,Bruni Bruni,
Baumgartner,9.18979E+11,\N,http://en.wikipedia.org/wiki/Zsolt_Baumgartner,Baumgartner,Hungarian,Baumgartner Baumgartner,
Gene,9.18979E+11,\N,http://en.wikipedia.org/wiki/Marc_Gen%C3%A9,Gené,Spanish,Gene Gené,
Frentzen,9.18979E+11,\N,http://en.wikipedia.org/wiki/Heinz-Harald_Frentzen,Frentzen,German,Frentzen Frentzen,
Verstappen,9.18979E+11,\N,http://en.wikipedia.org/wiki/Jos_Verstappen,Verstappen,Dutch,Verstappen Verstappen,
Wilson,9.18979E+11,\N,http://en.wikipedia.org/wiki/Justin_Wilson_(racing_driver),Wilson,British,Wilson Wilson,
Firman,9.18979E+11,\N,http://en.wikipedia.org/wiki/Ralph_Firman,Firman,Irish,Firman Firman,
Kiesa,9.18979E+11,\N,http://en.wikipedia.org/wiki/Nicolas_Kiesa,Kiesa,Danish,Kiesa Kiesa,
Burti,9.18979E+11,\N,http://en.wikipedia.org/wiki/Luciano_Burti,Burti,Brazilian,Burti Burti,
Alesi,9.18979E+11,\N,http://en.wikipedia.org/wiki/Jean_Alesi,Alesi,French,Alesi Alesi,
Irvine,9.18979E+11,\N,http://en.wikipedia.org/wiki/Eddie_Irvine,Irvine,British,Irvine Irvine,
Hakkinen,9.18979E+11,\N,http://en.wikipedia.org/wiki/Mika_H%C3%A4kkinen,Häkkinen,Finnish,Hakkinen Häkkinen,
Marques,9.18979E+11,\N,http://en.wikipedia.org/wiki/Tarso_Marques,Marques,Brazilian,Marques Marques,
Bernoldi,9.18979E+11,\N,http://en.wikipedia.org/wiki/Enrique_Bernoldi,Bernoldi,Brazilian,Bernoldi Bernoldi,
Mazzacane,9.18979E+11,\N,http://en.wikipedia.org/wiki/Gast%C3%B3n_Mazzacane,Mazzacane,Argentine,Mazzacane Mazzacane,
Enge,9.18979E+11,\N,http://en.wikipedia.org/wiki/Tom%C3%A1%C5%A1_Enge,Enge,Czech,Enge Enge,
Yoong,9.18979E+11,\N,http://en.wikipedia.org/wiki/Alex_Yoong,Yoong,Malaysian,Yoong Yoong,
Salo,9.18979E+11,\N,http://en.wikipedia.org/wiki/Mika_Salo,Salo,Finnish,Salo Salo,
Diniz,9.18979E+11,\N,http://en.wikipedia.org/wiki/Pedro_Diniz,Diniz,Brazilian,Diniz Diniz,
Herbert,9.18979E+11,\N,http://en.wikipedia.org/wiki/Johnny_Herbert,Herbert,British,Herbert Herbert,
Mcnish,9.18979E+11,\N,http://en.wikipedia.org/wiki/Allan_McNish,McNish,British,Mcnish McNish,
Buemi,9.18979E+11,BUE,http://en.wikipedia.org/wiki/S%C3%A9bastien_Buemi,Buemi,Swiss,Buemi Buemi,
Takagi,9.18979E+11,\N,http://en.wikipedia.org/wiki/Toranosuke_Takagi,Takagi,Japanese,Takagi Takagi,
Badoer,9.18979E+11,BAD,http://en.wikipedia.org/wiki/Luca_Badoer,Badoer,Italian,Badoer Badoer,
Zanardi,9.18979E+11,\N,http://en.wikipedia.org/wiki/Alex_Zanardi,Zanardi,Italian,Zanardi Zanardi,
Damon_Hill,9.18979E+11,\N,http://en.wikipedia.org/wiki/Damon_Hill,Hill,British,Damon_Hill Hill,
Sarrazin,9.18979E+11,\N,http://en.wikipedia.org/wiki/St%C3%A9phane_Sarrazin,Sarrazin,French,Sarrazin Sarrazin,
Rosset,9.18979E+11,\N,http://en.wikipedia.org/wiki/Ricardo_Rosset,Rosset,Brazilian,Rosset Rosset,
Tuero,9.18979E+11,\N,http://en.wikipedia.org/wiki/Esteban_Tuero,Tuero,Argentine,Tuero Tuero,
Nakano,9.18979E+11,\N,http://en.wikipedia.org/wiki/Shinji_Nakano,Nakano,Japanese,Nakano Nakano,
Magnussen,9.18979E+11,MAG,http://en.wikipedia.org/wiki/Jan_Magnussen,Magnussen,Danish,Magnussen Magnussen,
Berger,9.18979E+11,\N,http://en.wikipedia.org/wiki/Gerhard_Berger,Berger,Austrian,Berger Berger,
Larini,9.18979E+11,\N,http://en.wikipedia.org/wiki/Nicola_Larini,Larini,Italian,Larini Larini,
Katayama,9.18979E+11,\N,http://en.wikipedia.org/wiki/Ukyo_Katayama,Katayama,Japanese,Katayama Katayama,
Sospiri,9.18979E+11,\N,http://en.wikipedia.org/wiki/Vincenzo_Sospiri,Sospiri,Italian,Sospiri Sospiri,
Morbidelli,9.18979E+11,\N,http://en.wikipedia.org/wiki/Gianni_Morbidelli,Morbidelli,Italian,Morbidelli Morbidelli,
Fontana,9.18979E+11,\N,http://en.wikipedia.org/wiki/Norberto_Fontana,Fontana,Argentine,Fontana Fontana,
Lamy,9.18979E+11,\N,http://en.wikipedia.org/wiki/Pedro_Lamy,Lamy,Portuguese,Lamy Lamy,
Brundle,9.18979E+11,\N,http://en.wikipedia.org/wiki/Martin_Brundle,Brundle,British,Brundle Brundle,
Montermini,9.18979E+11,\N,http://en.wikipedia.org/wiki/Andrea_Montermini,Montermini,Italian,Montermini Montermini,
Lavaggi,9.18979E+11,\N,http://en.wikipedia.org/wiki/Giovanni_Lavaggi,Lavaggi,Italian,Lavaggi Lavaggi,
Blundell,9.18979E+11,\N,http://en.wikipedia.org/wiki/Mark_Blundell,Blundell,British,Blundell Blundell,
Suzuki,9.18979E+11,\N,http://en.wikipedia.org/wiki/Aguri_Suzuki,Suzuki,Japanese,Suzuki Suzuki,
Inoue,9.18979E+11,\N,http://en.wikipedia.org/wiki/Taki_Inoue,Inoue,Japanese,Inoue Inoue,
Moreno,9.18979E+11,\N,http://en.wikipedia.org/wiki/Roberto_Moreno,Moreno,Brazilian,Moreno Moreno,
Wendlinger,9.18979E+11,\N,http://en.wikipedia.org/wiki/Karl_Wendlinger,Wendlinger,Austrian,Wendlinger Wendlinger,
Gachot,9.18979E+11,\N,http://en.wikipedia.org/wiki/Bertrand_Gachot,Gachot,Belgian,Gachot Gachot,
Schiattarella,9.18979E+11,\N,http://en.wikipedia.org/wiki/Domenico_Schiattarella,Schiattarella,Italian,Schiattarella Schiattarella,
Martini,9.18979E+11,\N,http://en.wikipedia.org/wiki/Pierluigi_Martini,Martini,Italian,Martini Martini,
Mansell,9.18979E+11,\N,http://en.wikipedia.org/wiki/Nigel_Mansell,Mansell,British,Mansell Mansell,
Boullion,9.18979E+11,\N,http://en.wikipedia.org/wiki/Jean-Christophe_Boullion,Boullion,French,Boullion Boullion,
Papis,9.18979E+11,\N,http://en.wikipedia.org/wiki/Massimiliano_Papis,Papis,Italian,Papis Papis,
Deletraz,9.18979E+11,\N,http://en.wikipedia.org/wiki/Jean-Denis_Deletraz,Délétraz,Swiss,Deletraz Délétraz,
Tarquini,9.18979E+11,\N,http://en.wikipedia.org/wiki/Gabriele_Tarquini,Tarquini,Italian,Tarquini Tarquini,
Comas,9.18979E+11,\N,http://en.wikipedia.org/wiki/%C3%89rik_Comas,Comas,French,Comas Comas,
Brabham,9.18979E+11,\N,http://en.wikipedia.org/wiki/David_Brabham,Brabham,Australian,Brabham Brabham,
Senna,9.18979E+11,\N,http://en.wikipedia.org/wiki/Ayrton_Senna,Senna,Brazilian,Senna Senna,
Bernard,9.18979E+11,\N,http://en.wikipedia.org/wiki/%C3%89ric_Bernard,Bernard,French,Bernard Bernard,
Fittipaldi,9.18979E+11,\N,http://en.wikipedia.org/wiki/Christian_Fittipaldi,Fittipaldi,Brazilian,Fittipaldi Fittipaldi,
Alboreto,9.18979E+11,\N,http://en.wikipedia.org/wiki/Michele_Alboreto,Alboreto,Italian,Alboreto Alboreto,
Beretta,9.18979E+11,\N,http://en.wikipedia.org/wiki/Olivier_Beretta,Beretta,Monegasque,Beretta Beretta,
Ratzenberger,9.18979E+11,\N,http://en.wikipedia.org/wiki/Roland_Ratzenberger,Ratzenberger,Austrian,Ratzenberger Ratzenberger,
Belmondo,9.18979E+11,\N,http://en.wikipedia.org/wiki/Paul_Belmondo,Belmondo,French,Belmondo Belmondo,
Lehto,9.18979E+11,\N,http://en.wikipedia.org/wiki/Jyrki_J%C3%A4rvilehto,Järvilehto,Finnish,Lehto Järvilehto,
Cesaris,9.18979E+11,\N,http://en.wikipedia.org/wiki/Andrea_de_Cesaris,de Cesaris,Italian,Cesaris de Cesaris,
Gounon,9.18979E+11,\N,http://en.wikipedia.org/wiki/Jean-Marc_Gounon,Gounon,French,Gounon Gounon,
Alliot,9.18979E+11,\N,http://en.wikipedia.org/wiki/Philippe_Alliot,Alliot,French,Alliot Alliot,
Adams,9.18979E+11,\N,http://en.wikipedia.org/wiki/Philippe_Adams,Adams,Belgian,Adams Adams,
Dalmas,9.18979E+11,\N,http://en.wikipedia.org/wiki/Yannick_Dalmas,Dalmas,French,Dalmas Dalmas,
Noda,9.18979E+11,\N,http://en.wikipedia.org/wiki/Hideki_Noda,Noda,Japanese,Noda Noda,
Lagorce,9.18979E+11,\N,http://en.wikipedia.org/wiki/Franck_Lagorce,Lagorce,French,Lagorce Lagorce,
Prost,9.18979E+11,\N,http://en.wikipedia.org/wiki/Alain_Prost,Prost,French,Prost Prost,
Warwick,9.18979E+11,\N,http://en.wikipedia.org/wiki/Derek_Warwick,Warwick,British,Warwick Warwick,
Patrese,9.18979E+11,\N,http://en.wikipedia.org/wiki/Riccardo_Patrese,Patrese,Italian,Patrese Patrese,
Barbazza,9.18979E+11,\N,http://en.wikipedia.org/wiki/Fabrizio_Barbazza,Barbazza,Italian,Barbazza Barbazza,
Andretti,9.18979E+11,\N,http://en.wikipedia.org/wiki/Michael_Andretti,Andretti,American,Andretti Andretti,
Capelli,9.18979E+11,\N,http://en.wikipedia.org/wiki/Ivan_Capelli,Capelli,Italian,Capelli Capelli,
Boutsen,9.18979E+11,\N,http://en.wikipedia.org/wiki/Thierry_Boutsen,Boutsen,Belgian,Boutsen Boutsen,
Apicella,9.18979E+11,\N,http://en.wikipedia.org/wiki/Marco_Apicella,Apicella,Italian,Apicella Apicella,
Naspetti,9.18979E+11,\N,http://en.wikipedia.org/wiki/Emanuele_Naspetti,Naspetti,Italian,Naspetti Naspetti,
Toshio_Suzuki,9.18979E+11,\N,http://en.wikipedia.org/wiki/Toshio_Suzuki_(driver),Suzuki,Japanese,Toshio_Suzuki Suzuki,
Gugelmin,9.18979E+11,\N,http://en.wikipedia.org/wiki/Maur%C3%ADcio_Gugelmin,Gugelmin,Brazilian,Gugelmin Gugelmin,
Poele,9.18979E+11,\N,http://en.wikipedia.org/wiki/Eric_van_de_Poele,van de Poele,Belgian,Poele van de Poele,
Grouillard,9.18979E+11,\N,http://en.wikipedia.org/wiki/Olivier_Grouillard,Grouillard,French,Grouillard Grouillard,
Chiesa,9.18979E+11,\N,http://en.wikipedia.org/wiki/Andrea_Chiesa,Chiesa,Swiss,Chiesa Chiesa,
Modena,9.18979E+11,\N,http://en.wikipedia.org/wiki/Stefano_Modena,Modena,Italian,Modena Modena,
Amati,9.18979E+11,\N,http://en.wikipedia.org/wiki/Giovanna_Amati,Amati,Italian,Amati Amati,
Caffi,9.18979E+11,\N,http://en.wikipedia.org/wiki/Alex_Caffi,Caffi,Italian,Caffi Caffi,
Bertaggia,9.18979E+11,\N,http://en.wikipedia.org/wiki/Enrico_Bertaggia,Bertaggia,Italian,Bertaggia Bertaggia,
Mccarthy,9.18979E+11,\N,http://en.wikipedia.org/wiki/Perry_McCarthy,McCarthy,British,Mccarthy McCarthy,
Lammers,9.18979E+11,\N,http://en.wikipedia.org/wiki/Jan_Lammers,Lammers,Dutch,Lammers Lammers,
Piquet,9.18979E+11,\N,http://en.wikipedia.org/wiki/Nelson_Piquet,Piquet,Brazilian,Piquet Piquet,
Satoru_Nakajima,9.18979E+11,\N,http://en.wikipedia.org/wiki/Satoru_Nakajima,Nakajima,Japanese,Satoru_Nakajima Nakajima,
Pirro,9.18979E+11,\N,http://en.wikipedia.org/wiki/Emanuele_Pirro,Pirro,Italian,Pirro Pirro,
Johansson,9.18979E+11,\N,http://en.wikipedia.org/wiki/Stefan_Johansson,Johansson,Swedish,Johansson Johansson,
Bailey,9.18979E+11,\N,http://en.wikipedia.org/wiki/Julian_Bailey,Bailey,British,Bailey Bailey,
Chaves,9.18979E+11,\N,http://en.wikipedia.org/wiki/Pedro_Chaves,Chaves,Portuguese,Chaves Chaves,
Bartels,9.18979E+11,\N,http://en.wikipedia.org/wiki/Michael_Bartels,Bartels,German,Bartels Bartels,
Hattori,9.18979E+11,\N,http://en.wikipedia.org/wiki/Naoki_Hattori,Hattori,Japanese,Hattori Hattori,
Nannini,9.18979E+11,\N,http://en.wikipedia.org/wiki/Alessandro_Nannini,Nannini,Italian,Nannini Nannini,
Schneider,9.18979E+11,\N,http://en.wikipedia.org/wiki/Bernd_Schneider_(racecar_driver),Schneider,German,Schneider Schneider,
Barilla,9.18979E+11,\N,http://en.wikipedia.org/wiki/Paolo_Barilla,Barilla,Italian,Barilla Barilla,
Foitek,9.18979E+11,\N,http://en.wikipedia.org/wiki/Gregor_Foitek,Foitek,Swiss,Foitek Foitek,
Langes,9.18979E+11,\N,http://en.wikipedia.org/wiki/Claudio_Langes,Langes,Italian,Langes Langes,
Gary_Brabham,9.18979E+11,\N,http://en.wikipedia.org/wiki/Gary_Brabham,Brabham,Australian,Gary_Brabham Brabham,
Donnelly,9.18979E+11,\N,http://en.wikipedia.org/wiki/Martin_Donnelly_(racing_driver),Donnelly,British,Donnelly Donnelly,
Giacomelli,9.18979E+11,\N,http://en.wikipedia.org/wiki/Bruno_Giacomelli,Giacomelli,Italian,Giacomelli Giacomelli,
Alguersuari,9.18979E+11,ALG,http://en.wikipedia.org/wiki/Jaime_Alguersuari,Alguersuari,Spanish,Alguersuari Alguersuari,
Grosjean,9.18979E+11,GRO,http://en.wikipedia.org/wiki/Romain_Grosjean,Grosjean,French,Grosjean Grosjean,
Kobayashi,9.18979E+11,KOB,http://en.wikipedia.org/wiki/Kamui_Kobayashi,Kobayashi,Japanese,Kobayashi Kobayashi,
Palmer,9.18979E+11,\N,http://en.wikipedia.org/wiki/Jonathan_Palmer,Palmer,British,Palmer Palmer,
Danner,9.18979E+11,\N,http://en.wikipedia.org/wiki/Christian_Danner,Danner,German,Danner Danner,
Cheever,9.18979E+11,\N,http://en.wikipedia.org/wiki/Eddie_Cheever,Cheever,American,Cheever Cheever,
Sala,9.18979E+11,\N,http://en.wikipedia.org/wiki/Luis_Perez-Sala,Pérez-Sala,Spanish,Sala Pérez-Sala,
Ghinzani,9.18979E+11,\N,http://en.wikipedia.org/wiki/Piercarlo_Ghinzani,Ghinzani,Italian,Ghinzani Ghinzani,
Weidler,9.18979E+11,\N,http://en.wikipedia.org/wiki/Volker_Weidler,Weidler,German,Weidler Weidler,
Raphanel,9.18979E+11,\N,http://en.wikipedia.org/wiki/Pierre-Henri_Raphanel,Raphanel,French,Raphanel Raphanel,
Arnoux,9.18979E+11,\N,http://en.wikipedia.org/wiki/Ren%C3%A9_Arnoux,Arnoux,French,Arnoux Arnoux,
Joachim_Winkelhock,9.18979E+11,\N,http://en.wikipedia.org/wiki/Joachim_Winkelhock,Winkelhock,German,Joachim_Winkelhock Winkelhock,
Larrauri,9.18979E+11,\N,http://en.wikipedia.org/wiki/Oscar_Larrauri,Larrauri,Argentine,Larrauri Larrauri,
Streiff,9.18979E+11,\N,http://en.wikipedia.org/wiki/Philippe_Streiff,Streiff,French,Streiff Streiff,
Campos,9.18979E+11,\N,http://en.wikipedia.org/wiki/Adri%C3%A1n_Campos,Campos,Spanish,Campos Campos,
Schlesser,9.18979E+11,\N,http://en.wikipedia.org/wiki/Jean-Louis_Schlesser,Schlesser,French,Schlesser Schlesser,
Fabre,9.18979E+11,\N,http://en.wikipedia.org/wiki/Pascal_Fabre,Fabre,French,Fabre Fabre,
Fabi,9.18979E+11,\N,http://en.wikipedia.org/wiki/Teo_Fabi,Fabi,Italian,Fabi Fabi,
Forini,9.18979E+11,\N,http://en.wikipedia.org/wiki/Franco_Forini,Forini,Swiss,Forini Forini,
Laffite,9.18979E+11,\N,http://en.wikipedia.org/wiki/Jacques_Laffite,Laffite,French,Laffite Laffite,
Angelis,9.18979E+11,\N,http://en.wikipedia.org/wiki/Elio_de_Angelis,de Angelis,Italian,Angelis de Angelis,
Dumfries,9.18979E+11,\N,http://en.wikipedia.org/wiki/Johnny_Dumfries,Dumfries,British,Dumfries Dumfries,
Tambay,9.18979E+11,\N,http://en.wikipedia.org/wiki/Patrick_Tambay,Tambay,French,Tambay Tambay,
Surer,9.18979E+11,\N,http://en.wikipedia.org/wiki/Marc_Surer,Surer,Swiss,Surer Surer,
Keke_Rosberg,9.18979E+11,\N,http://en.wikipedia.org/wiki/Keke_Rosberg,Rosberg,Finnish,Keke_Rosberg Rosberg,
Jones,9.18979E+11,\N,http://en.wikipedia.org/wiki/Alan_Jones_(Formula_1),Jones,Australian,Jones Jones,
Rothengatter,9.18979E+11,\N,http://en.wikipedia.org/wiki/Huub_Rothengatter,Rothengatter,Dutch,Rothengatter Rothengatter,
Berg,9.18979E+11,\N,http://en.wikipedia.org/wiki/Allen_Berg,Berg,Canadian,Berg Berg,
Manfred_Winkelhock,9.18979E+11,\N,http://en.wikipedia.org/wiki/Manfred_Winkelhock,Winkelhock,German,Manfred_Winkelhock Winkelhock,
Lauda,9.18979E+11,\N,http://en.wikipedia.org/wiki/Niki_Lauda,Lauda,Austrian,Lauda Lauda,
Hesnault,9.18979E+11,\N,http://en.wikipedia.org/wiki/Fran%C3%A7ois_Hesnault,Hesnault,French,Hesnault Hesnault,
Baldi,9.18979E+11,\N,http://en.wikipedia.org/wiki/Mauro_Baldi,Baldi,Italian,Baldi Baldi,
Bellof,9.18979E+11,\N,http://en.wikipedia.org/wiki/Stefan_Bellof,Bellof,German,Bellof Bellof,
Acheson,9.18979E+11,\N,http://en.wikipedia.org/wiki/Kenny_Acheson,Acheson,British,Acheson Acheson,
Watson,9.18979E+11,\N,http://en.wikipedia.org/wiki/John_Watson_(racing_driver),Watson,British,Watson Watson,
Cecotto,9.18979E+11,\N,http://en.wikipedia.org/wiki/Johnny_Cecotto,Cecotto,Venezuelan,Cecotto Cecotto,
Gartner,9.18979E+11,\N,http://en.wikipedia.org/wiki/Jo_Gartner,Gartner,Austrian,Gartner Gartner,
Corrado_Fabi,9.18979E+11,\N,http://en.wikipedia.org/wiki/Corrado_Fabi,Fabi,Italian,Corrado_Fabi Fabi,
Thackwell,9.18979E+11,\N,http://en.wikipedia.org/wiki/Mike_Thackwell,Thackwell,New Zealander,Thackwell Thackwell,
Serra,9.18979E+11,\N,http://en.wikipedia.org/wiki/Chico_Serra,Serra,Brazilian,Serra Serra,
Sullivan,9.18979E+11,\N,http://en.wikipedia.org/wiki/Danny_Sullivan,Sullivan,American,Sullivan Sullivan,
Salazar,9.18979E+11,\N,http://en.wikipedia.org/wiki/Eliseo_Salazar,Salazar,Chilean,Salazar Salazar,
Guerrero,9.18979E+11,\N,http://en.wikipedia.org/wiki/Roberto_Guerrero,Guerrero,Colombian,Guerrero Guerrero,
Boesel,9.18979E+11,\N,http://en.wikipedia.org/wiki/Raul_Boesel,Boesel,Brazilian,Boesel Boesel,
Jarier,9.18979E+11,\N,http://en.wikipedia.org/wiki/Jean-Pierre_Jarier,Jarier,French,Jarier Jarier,
Villeneuve_Sr,9.18979E+11,\N,http://en.wikipedia.org/wiki/Jacques_Villeneuve_(elder),Villeneuve Sr.,Canadian,Villeneuve_Sr Villeneuve Sr.,
Reutemann,9.18979E+11,\N,http://en.wikipedia.org/wiki/Carlos_Reutemann,Reutemann,Argentine,Reutemann Reutemann,
Mass,9.18979E+11,\N,http://en.wikipedia.org/wiki/Jochen_Mass,Mass,German,Mass Mass,
Borgudd,9.18979E+11,\N,http://en.wikipedia.org/wiki/Slim_Borgudd,Borgudd,Swedish,Borgudd Borgudd,
Pironi,9.18979E+11,\N,http://en.wikipedia.org/wiki/Didier_Pironi,Pironi,French,Pironi Pironi,
Gilles_Villeneuve,9.18979E+11,\N,http://en.wikipedia.org/wiki/Gilles_Villeneuve,Villeneuve,Canadian,Gilles_Villeneuve Villeneuve,
Paletti,9.18979E+11,\N,http://en.wikipedia.org/wiki/Riccardo_Paletti,Paletti,Italian,Paletti Paletti,
Henton,9.18979E+11,\N,http://en.wikipedia.org/wiki/Brian_Henton,Henton,British,Henton Henton,
Daly,9.18979E+11,\N,http://en.wikipedia.org/wiki/Derek_Daly,Daly,Irish,Daly Daly,
Mario_Andretti,9.18979E+11,\N,http://en.wikipedia.org/wiki/Mario_Andretti,Andretti,American,Mario_Andretti Andretti,
Villota,9.18979E+11,\N,http://en.wikipedia.org/wiki/Emilio_de_Villota,de Villota,Spanish,Villota de Villota,
Lees,9.18979E+11,\N,http://en.wikipedia.org/wiki/Geoff_Lees,Lees,British,Lees Lees,
Byrne,9.18979E+11,\N,http://en.wikipedia.org/wiki/Tommy_Byrne_%28racing_driver%29,Byrne,Irish,Byrne Byrne,
Keegan,9.18979E+11,\N,http://en.wikipedia.org/wiki/Rupert_Keegan,Keegan,British,Keegan Keegan,
Rebaque,9.18979E+11,\N,http://en.wikipedia.org/wiki/Hector_Rebaque,Rebaque,Mexican,Rebaque Rebaque,
Gabbiani,9.18979E+11,\N,http://en.wikipedia.org/wiki/Beppe_Gabbiani,Gabbiani,Italian,Gabbiani Gabbiani,
Cogan,9.18979E+11,\N,http://en.wikipedia.org/wiki/Kevin_Cogan,Cogan,American,Cogan Cogan,
Guerra,9.18979E+11,\N,http://en.wikipedia.org/wiki/Miguel_Angel_Guerra,Guerra,Argentine,Guerra Guerra,
Stohr,9.18979E+11,\N,http://en.wikipedia.org/wiki/Siegfried_Stohr,Stohr,Italian,Stohr Stohr,
Zunino,9.18979E+11,\N,http://en.wikipedia.org/wiki/Ricardo_Zunino,Zunino,Argentine,Zunino Zunino,
Londono,9.18979E+11,\N,http://en.wikipedia.org/wiki/Ricardo_Londo%C3%B1o,Londoño,Colombian,Londono Londoño,
Jabouille,9.18979E+11,\N,http://en.wikipedia.org/wiki/Jean-Pierre_Jabouille,Jabouille,French,Jabouille Jabouille,
Francia,9.18979E+11,\N,http://en.wikipedia.org/wiki/Giorgio_Francia,Francia,Italian,Francia Francia,
Depailler,9.18979E+11,\N,http://en.wikipedia.org/wiki/Patrick_Depailler,Depailler,French,Depailler Depailler,
Scheckter,9.18979E+11,\N,http://en.wikipedia.org/wiki/Jody_Scheckter,Scheckter,South African,Scheckter Scheckter,
Regazzoni,9.18979E+11,\N,http://en.wikipedia.org/wiki/Clay_Regazzoni,Regazzoni,Swiss,Regazzoni Regazzoni,
Emerson_Fittipaldi,9.18979E+11,\N,http://en.wikipedia.org/wiki/Emerson_Fittipaldi,Fittipaldi,Brazilian,Emerson_Fittipaldi Fittipaldi,
Kennedy,9.18979E+11,\N,http://en.wikipedia.org/wiki/David_Kennedy_(racing_driver),Kennedy,Irish,Kennedy Kennedy,
South,9.18979E+11,\N,http://en.wikipedia.org/wiki/Stephen_South,South,British,South South,
Needell,9.18979E+11,\N,http://en.wikipedia.org/wiki/Tiff_Needell,Needell,British,Needell Needell,
Desire_Wilson,9.18979E+11,\N,http://en.wikipedia.org/wiki/Desir%C3%A9_Wilson,Wilson,South African,Desire_Wilson Wilson,
Ertl,9.18979E+11,\N,http://en.wikipedia.org/wiki/Harald_Ertl,Ertl,Austrian,Ertl Ertl,
Brambilla,9.18979E+11,\N,http://en.wikipedia.org/wiki/Vittorio_Brambilla,Brambilla,Italian,Brambilla Brambilla,
Hunt,9.18979E+11,\N,http://en.wikipedia.org/wiki/James_Hunt,Hunt,British,Hunt Hunt,
Merzario,9.18979E+11,\N,http://en.wikipedia.org/wiki/Arturo_Merzario,Merzario,Italian,Merzario Merzario,
Stuck,9.18979E+11,\N,http://en.wikipedia.org/wiki/Hans_Joachim_Stuck,Stuck,German,Stuck Stuck,
Brancatelli,9.18979E+11,\N,http://en.wikipedia.org/wiki/Gianfranco_Brancatelli,Brancatelli,Italian,Brancatelli Brancatelli,
Ickx,9.18979E+11,\N,http://en.wikipedia.org/wiki/Jacky_Ickx,Ickx,Belgian,Ickx Ickx,
Gaillard,9.18979E+11,\N,http://en.wikipedia.org/wiki/Patrick_Gaillard,Gaillard,French,Gaillard Gaillard,
Ribeiro,9.18979E+11,\N,http://en.wikipedia.org/wiki/Alex_Ribeiro,Ribeiro,Brazilian,Ribeiro Ribeiro,
Peterson,9.18979E+11,\N,http://en.wikipedia.org/wiki/Ronnie_Peterson,Peterson,Swedish,Peterson Peterson,
Lunger,9.18979E+11,\N,http://en.wikipedia.org/wiki/Brett_Lunger,Lunger,American,Lunger Lunger,
Ongais,9.18979E+11,\N,http://en.wikipedia.org/wiki/Danny_Ongais,Ongais,American,Ongais Ongais,
Leoni,9.18979E+11,\N,http://en.wikipedia.org/wiki/Lamberto_Leoni,Leoni,Italian,Leoni Leoni,
Galica,9.18979E+11,\N,http://en.wikipedia.org/wiki/Divina_Galica,Galica,British,Galica Galica,
Stommelen,9.18979E+11,\N,http://en.wikipedia.org/wiki/Rolf_Stommelen,Stommelen,German,Stommelen Stommelen,
Colombo,9.18979E+11,\N,http://en.wikipedia.org/wiki/Alberto_Colombo,Colombo,Italian,Colombo Colombo,
Trimmer,9.18979E+11,\N,http://en.wikipedia.org/wiki/Tony_Trimmer,Trimmer,British,Trimmer Trimmer,
Binder,9.18979E+11,\N,http://en.wikipedia.org/wiki/Hans_Binder,Binder,Austrian,Binder Binder,
Bleekemolen,9.18979E+11,\N,http://en.wikipedia.org/wiki/Michael_Bleekemolen,Bleekemolen,Dutch,Bleekemolen Bleekemolen,
Gimax,9.18979E+11,\N,http://en.wikipedia.org/wiki/Gimax,Franchi,Italian,Gimax Franchi,
Rahal,9.18979E+11,\N,http://en.wikipedia.org/wiki/Bobby_Rahal,Rahal,American,Rahal Rahal,
Pace,9.18979E+11,\N,http://en.wikipedia.org/wiki/Carlos_Pace,Pace,Brazilian,Pace Pace,
Ian_Scheckter,9.18979E+11,\N,http://en.wikipedia.org/wiki/Ian_Scheckter,Scheckter,South African,Ian_Scheckter Scheckter,
Pryce,9.18979E+11,\N,http://en.wikipedia.org/wiki/Tom_Pryce,Pryce,British,Pryce Pryce,
Hoffmann,9.18979E+11,\N,http://en.wikipedia.org/wiki/Ingo_Hoffmann,Hoffmann,Brazilian,Hoffmann Hoffmann,
Zorzi,9.18979E+11,\N,http://en.wikipedia.org/wiki/Renzo_Zorzi,Zorzi,Italian,Zorzi Zorzi,
Nilsson,9.18979E+11,\N,http://en.wikipedia.org/wiki/Gunnar_Nilsson,Nilsson,Swedish,Nilsson Nilsson,
Perkins,9.18979E+11,\N,http://en.wikipedia.org/wiki/Larry_Perkins,Perkins,Australian,Perkins Perkins,
Hayje,9.18979E+11,\N,http://en.wikipedia.org/wiki/Boy_Hayje,Lunger,Dutch,Hayje Lunger,
Neve,9.18979E+11,\N,http://en.wikipedia.org/wiki/Patrick_Neve,Nève,Belgian,Neve Nève,
Purley,9.18979E+11,\N,http://en.wikipedia.org/wiki/David_Purley,Purley,British,Purley Purley,
Andersson,9.18979E+11,\N,http://en.wikipedia.org/wiki/Conny_Andersson_(racing_driver),Andersson,Swedish,Andersson Andersson,
Dryver,9.18979E+11,\N,http://en.wikipedia.org/wiki/Bernard_de_Dryver,de Dryver,Belgian,Dryver de Dryver,
Oliver,9.18979E+11,\N,http://en.wikipedia.org/wiki/Jackie_Oliver,Oliver,British,Oliver Oliver,
Kozarowitzky,9.18979E+11,\N,http://en.wikipedia.org/wiki/Mikko_Kozarowitzky,Kozarowitzky,Finnish,Kozarowitzky Kozarowitzky,
Sutcliffe,9.18979E+11,\N,http://en.wikipedia.org/wiki/Andy_Sutcliffe,Sutcliffe,British,Sutcliffe Sutcliffe,
Edwards,9.18979E+11,\N,http://en.wikipedia.org/wiki/Guy_Edwards,Edwards,British,Edwards Edwards,
Mcguire,9.18979E+11,\N,http://en.wikipedia.org/wiki/Brian_McGuire,McGuire,Australian,Mcguire McGuire,
Schuppan,9.18979E+11,\N,http://en.wikipedia.org/wiki/Vern_Schuppan,Schuppan,Australian,Schuppan Schuppan,
Heyer,9.18979E+11,\N,http://en.wikipedia.org/wiki/Hans_Heyer,Heyer,German,Heyer Heyer,
Pilette,9.18979E+11,\N,http://en.wikipedia.org/wiki/Teddy_Pilette,Pilette,Belgian,Pilette Pilette,
Ashley,9.18979E+11,\N,http://en.wikipedia.org/wiki/Ian_Ashley,Ashley,British,Ashley Ashley,
Kessel,9.18979E+11,\N,http://en.wikipedia.org/wiki/Loris_Kessel,Kessel,Swiss,Kessel Kessel,
Takahashi,9.18979E+11,\N,http://en.wikipedia.org/wiki/Kunimitsu_Takahashi,Takahashi,Japanese,Takahashi Takahashi,
Hoshino,9.18979E+11,\N,http://en.wikipedia.org/wiki/Kazuyoshi_Hoshino,Hoshino,Japanese,Hoshino Hoshino,
Takahara,9.18979E+11,\N,http://en.wikipedia.org/wiki/Noritake_Takahara,Takahara,Japanese,Takahara Takahara,
Lombardi,9.18979E+11,\N,http://en.wikipedia.org/wiki/Lella_Lombardi,Lombardi,Italian,Lombardi Lombardi,
Evans,9.18979E+11,\N,http://en.wikipedia.org/wiki/Bob_Evans_(race_driver),Evans,British,Evans Evans,
Leclere,9.18979E+11,\N,http://en.wikipedia.org/wiki/Michel_Lecl%C3%A8re,Leclère,French,Leclere Leclère,
Amon,9.18979E+11,\N,http://en.wikipedia.org/wiki/Chris_Amon,Amon,New Zealander,Amon Amon,
Zapico,9.18979E+11,\N,http://en.wikipedia.org/wiki/Emilio_Zapico,Zapico,Spanish,Zapico Zapico,
Pescarolo,9.18979E+11,\N,http://en.wikipedia.org/wiki/Henri_Pescarolo,Pescarolo,French,Pescarolo Pescarolo,
Nelleman,9.18979E+11,\N,http://en.wikipedia.org/wiki/Jac_Nelleman,Nelleman,Danish,Nelleman Nelleman,
Magee,9.18979E+11,\N,http://en.wikipedia.org/wiki/Damien_Magee,Magee,British,Magee Magee,
Wilds,9.18979E+11,\N,http://en.wikipedia.org/wiki/Mike_Wilds,Wilds,British,Wilds Wilds,
Pesenti_Rossi,9.18979E+11,\N,http://en.wikipedia.org/wiki/Alessandro_Pesenti-Rossi,Pesenti-Rossi,Italian,Pesenti_Rossi Pesenti-Rossi,
Stuppacher,9.18979E+11,\N,http://en.wikipedia.org/wiki/Otto_Stuppacher,Stuppacher,Austrian,Stuppacher Stuppacher,
Brown,9.18979E+11,\N,http://en.wikipedia.org/wiki/Warwick_Brown,Brown,Australian,Brown Brown,
Hasemi,9.18979E+11,\N,http://en.wikipedia.org/wiki/Masahiro_Hasemi,Hasemi,Japanese,Hasemi Hasemi,
Donohue,9.18979E+11,\N,http://en.wikipedia.org/wiki/Mark_Donohue,Donohue,American,Donohue Donohue,
Hill,9.18979E+11,\N,http://en.wikipedia.org/wiki/Graham_Hill,Hill,British,Hill Hill,
Wilson_Fittipaldi,9.18979E+11,\N,http://en.wikipedia.org/wiki/Wilson_Fittipaldi,Fittipaldi,Brazilian,Wilson_Fittipaldi Fittipaldi,
Tunmer,9.18979E+11,\N,http://en.wikipedia.org/wiki/Guy_Tunmer,Tunmer,South African,Tunmer Tunmer,
Keizan,9.18979E+11,\N,http://en.wikipedia.org/wiki/Eddie_Keizan,Keizan,South African,Keizan Keizan,
Charlton,9.18979E+11,\N,http://en.wikipedia.org/wiki/Dave_Charlton,Charlton,South African,Charlton Charlton,
Brise,9.18979E+11,\N,http://en.wikipedia.org/wiki/Tony_Brise,Brise,British,Brise Brise,
Wunderink,9.18979E+11,\N,http://en.wikipedia.org/wiki/Roelof_Wunderink,Wunderink,Dutch,Wunderink Wunderink,
Migault,9.18979E+11,\N,http://en.wikipedia.org/wiki/Fran%C3%A7ois_Migault,Migault,French,Migault Migault,
Palm,9.18979E+11,\N,http://en.wikipedia.org/wiki/Torsten_Palm,Palm,Swedish,Palm Palm,
Lennep,9.18979E+11,\N,http://en.wikipedia.org/wiki/Gijs_Van_Lennep,van Lennep,Dutch,Lennep van Lennep,
Fushida,9.18979E+11,\N,http://en.wikipedia.org/wiki/Hiroshi_Fushida,Fushida,Japanese,Fushida Fushida,
Nicholson,9.18979E+11,\N,http://en.wikipedia.org/wiki/John_Nicholson_(racing_driver),Nicholson,New Zealander,Nicholson Nicholson,
Morgan,9.18979E+11,\N,http://en.wikipedia.org/wiki/Dave_Morgan_(racing_driver),Morgan,British,Morgan Morgan,
Crawford,9.18979E+11,\N,http://en.wikipedia.org/wiki/Jim_Crawford_(driver),Crawford,British,Crawford Crawford,
Vonlanthen,9.18979E+11,\N,http://en.wikipedia.org/wiki/Jo_Vonlanthen,Vonlanthen,Swiss,Vonlanthen Vonlanthen,
Hulme,9.18979E+11,\N,http://en.wikipedia.org/wiki/Denny_Hulme,Hulme,New Zealander,Hulme Hulme,
Hailwood,9.18979E+11,\N,http://en.wikipedia.org/wiki/Mike_Hailwood,Hailwood,British,Hailwood Hailwood,
Beltoise,9.18979E+11,\N,http://en.wikipedia.org/wiki/Jean-Pierre_Beltoise,Beltoise,French,Beltoise Beltoise,
Ganley,9.18979E+11,\N,http://en.wikipedia.org/wiki/Howden_Ganley,Ganley,New Zealander,Ganley Ganley,
Robarts,9.18979E+11,\N,http://en.wikipedia.org/wiki/Richard_Robarts,Robarts,British,Robarts Robarts,
Revson,9.18979E+11,\N,http://en.wikipedia.org/wiki/Peter_Revson,Revson,American,Revson Revson,
Driver,9.18979E+11,\N,http://en.wikipedia.org/wiki/Paddy_Driver,Driver,South African,Driver Driver,
Belso,9.18979E+11,\N,http://en.wikipedia.org/wiki/Tom_Bels%C3%B8,Belsø,Danish,Belso Belsø,
Redman,9.18979E+11,\N,http://en.wikipedia.org/wiki/Brian_Redman,Redman,British,Redman Redman,
Opel,9.18979E+11,\N,http://en.wikipedia.org/wiki/Rikky_von_Opel,von Opel,Liechtensteiner,Opel von Opel,
Schenken,9.18979E+11,\N,http://en.wikipedia.org/wiki/Tim_Schenken,Schenken,Australian,Schenken Schenken,
Larrousse,9.18979E+11,\N,http://en.wikipedia.org/wiki/G%C3%A9rard_Larrousse,Larrousse,French,Larrousse Larrousse,
Kinnunen,9.18979E+11,\N,http://en.wikipedia.org/wiki/Leo_Kinnunen,Kinnunen,Finnish,Kinnunen Kinnunen,
Wisell,9.18979E+11,\N,http://en.wikipedia.org/wiki/Reine_Wisell,Wisell,Swedish,Wisell Wisell,
Roos,9.18979E+11,\N,http://en.wikipedia.org/wiki/Bertil_Roos,Roos,Swedish,Roos Roos,
Dolhem,9.18979E+11,\N,http://en.wikipedia.org/wiki/Jos%C3%A9_Dolhem,Dolhem,French,Dolhem Dolhem,
Gethin,9.18979E+11,\N,http://en.wikipedia.org/wiki/Peter_Gethin,Gethin,British,Gethin Gethin,
Bell,9.18979E+11,\N,http://en.wikipedia.org/wiki/Derek_Bell_(auto_racer),Bell,British,Bell Bell,
Hobbs,9.18979E+11,\N,http://en.wikipedia.org/wiki/David_Hobbs_(racing_driver),Hobbs,British,Hobbs Hobbs,
Quester,9.18979E+11,\N,http://en.wikipedia.org/wiki/Dieter_Quester,Quester,Austrian,Quester Quester,
Koinigg,9.18979E+11,\N,http://en.wikipedia.org/wiki/Helmuth_Koinigg,Koinigg,Austrian,Koinigg Koinigg,
Facetti,9.18979E+11,\N,http://en.wikipedia.org/wiki/Carlo_Facetti,Facetti,Italian,Facetti Facetti,
Wietzes,9.18979E+11,\N,http://en.wikipedia.org/wiki/Eppie_Wietzes,Wietzes,Canadian,Wietzes Wietzes,
Cevert,9.18979E+11,\N,http://en.wikipedia.org/wiki/Fran%C3%A7ois_Cevert,Cevert,French,Cevert Cevert,
Stewart,9.18979E+11,\N,http://en.wikipedia.org/wiki/Jackie_Stewart,Stewart,British,Stewart Stewart,
Beuttler,9.18979E+11,\N,http://en.wikipedia.org/wiki/Mike_Beuttler,Beuttler,British,Beuttler Beuttler,
Galli,9.18979E+11,\N,http://en.wikipedia.org/wiki/Nanni_Galli,Galli,Italian,Galli Galli,
Bueno,9.18979E+11,\N,http://en.wikipedia.org/wiki/Luiz_Bueno,Bueno,Brazilian,Bueno Bueno,
Follmer,9.18979E+11,\N,http://en.wikipedia.org/wiki/George_Follmer,Follmer,American,Follmer Follmer,
Adamich,9.18979E+11,\N,http://en.wikipedia.org/wiki/Andrea_de_Adamich,de Adamich,Italian,Adamich de Adamich,
Pretorius,9.18979E+11,\N,http://en.wikipedia.org/wiki/Jackie_Pretorius,Pretorius,South African,Pretorius Pretorius,
Williamson,9.18979E+11,\N,http://en.wikipedia.org/wiki/Roger_Williamson,Williamson,British,Williamson Williamson,
Mcrae,9.18979E+11,\N,http://en.wikipedia.org/wiki/Graham_McRae,McRae,New Zealander,Mcrae McRae,
Marko,9.18979E+11,\N,http://en.wikipedia.org/wiki/Helmut_Marko,Marko,Austrian,Marko Marko,
Walker,9.18979E+11,\N,http://en.wikipedia.org/wiki/David_Walker_(racing_driver),Walker,Australian,Walker Walker,
Roig,9.18979E+11,\N,http://en.wikipedia.org/wiki/Alex_Soler-Roig,Soler-Roig,Spanish,Roig Soler-Roig,
Love,9.18979E+11,\N,http://en.wikipedia.org/wiki/John_Love_(racing_driver),Love,Rhodesian,Love Love,
Surtees,9.18979E+11,\N,http://en.wikipedia.org/wiki/John_Surtees,Surtees,British,Surtees Surtees,
Barber,9.18979E+11,\N,http://en.wikipedia.org/wiki/Skip_Barber,Barber,American,Barber Barber,
Brack,9.18979E+11,\N,http://en.wikipedia.org/wiki/Bill_Brack,Brack,Canadian,Brack Brack,
Posey,9.18979E+11,\N,http://en.wikipedia.org/wiki/Sam_Posey,Posey,American,Posey Posey,
Rodriguez,9.18979E+11,\N,http://en.wikipedia.org/wiki/Pedro_Rodr%C3%ADguez_(racing_driver),Rodríguez,Mexican,Rodriguez Rodríguez,
Siffert,9.18979E+11,\N,http://en.wikipedia.org/wiki/Jo_Siffert,Siffert,Swiss,Siffert Siffert,
Bonnier,9.18979E+11,\N,http://en.wikipedia.org/wiki/Joakim_Bonnier,Bonnier,Swedish,Bonnier Bonnier,
Mazet,9.18979E+11,\N,http://en.wikipedia.org/wiki/Fran%C3%A7ois_Mazet,Mazet,French,Mazet Mazet,
Jean,9.18979E+11,\N,http://en.wikipedia.org/wiki/Max_Jean,Jean,French,Jean Jean,
Elford,9.18979E+11,\N,http://en.wikipedia.org/wiki/Vic_Elford,Elford,British,Elford Elford,
Moser,9.18979E+11,\N,http://en.wikipedia.org/wiki/Silvio_Moser,Moser,Swiss,Moser Moser,
Eaton,9.18979E+11,\N,http://en.wikipedia.org/wiki/George_Eaton,Eaton,Canadian,Eaton Eaton,
Lovely,9.18979E+11,\N,http://en.wikipedia.org/wiki/Pete_Lovely,Lovely,American,Lovely Lovely,
Craft,9.18979E+11,\N,http://en.wikipedia.org/wiki/Chris_Craft_(racing_driver),Craft,British,Craft Craft,
Cannoc,9.18979E+11,\N,http://en.wikipedia.org/wiki/John_Cannon_(auto_racer),Cannon,Canadian,Cannoc Cannon,
Jack_Brabham,9.18979E+11,\N,http://en.wikipedia.org/wiki/Jack_Brabham,Brabham,Australian,Jack_Brabham Brabham,
Miles,9.18979E+11,\N,http://en.wikipedia.org/wiki/John_Miles_(auto_racer),Miles,British,Miles Miles,
Rindt,9.18979E+11,\N,http://en.wikipedia.org/wiki/Jochen_Rindt,Rindt,Austrian,Rindt Rindt,
Gavin,9.18979E+11,\N,http://en.wikipedia.org/wiki/Johnny_Servoz-Gavin,Servoz-Gavin,French,Gavin Servoz-Gavin,
Mclaren,9.18979E+11,\N,http://en.wikipedia.org/wiki/Bruce_McLaren,McLaren,New Zealander,Mclaren McLaren,
Courage,9.18979E+11,\N,http://en.wikipedia.org/wiki/Piers_Courage,Courage,British,Courage Courage,
Klerk,9.18979E+11,\N,http://en.wikipedia.org/wiki/Peter_de_Klerk,de Klerk,South African,Klerk de Klerk,
Giunti,9.18979E+11,\N,http://en.wikipedia.org/wiki/Ignazio_Giunti,Giunti,Italian,Giunti Giunti,
Gurney,9.18979E+11,\N,http://en.wikipedia.org/wiki/Dan_Gurney,Gurney,American,Gurney Gurney,
Hahne,9.18979E+11,\N,http://en.wikipedia.org/wiki/Hubert_Hahne,Hahne,German,Hahne Hahne,
Hutchison,9.18979E+11,\N,http://en.wikipedia.org/wiki/Gus_Hutchison,Hutchison,American,Hutchison Hutchison,
Westbury,9.18979E+11,\N,http://en.wikipedia.org/wiki/Peter_Westbury,Westbury,British,Westbury Westbury,
Tingle,9.18979E+11,\N,http://en.wikipedia.org/wiki/Sam_Tingle,Tingle,Rhodesian,Tingle Tingle,
Rooyen,9.18979E+11,\N,http://en.wikipedia.org/wiki/Basil_van_Rooyen,van Rooyen,South African,Rooyen van Rooyen,
Attwood,9.18979E+11,\N,http://en.wikipedia.org/wiki/Richard_Attwood,Attwood,British,Attwood Attwood,
Pease,9.18979E+11,\N,http://en.wikipedia.org/wiki/Al_Pease,Pease,Canadian,Pease Pease,
Cordts,9.18979E+11,\N,http://en.wikipedia.org/wiki/John_Cordts,Cordts,Canadian,Cordts Cordts,
Clark,9.18979E+11,\N,http://en.wikipedia.org/wiki/Jim_Clark,Clark,British,Clark Clark,
Spence,9.18979E+11,\N,http://en.wikipedia.org/wiki/Mike_Spence,Spence,British,Spence Spence,
Scarfiotti,9.18979E+11,\N,http://en.wikipedia.org/wiki/Ludovico_Scarfiotti,Scarfiotti,Italian,Scarfiotti Scarfiotti,
Bianchi,9.18979E+11,BIA,http://en.wikipedia.org/wiki/Lucien_Bianchi,Bianchi,Belgian,Bianchi Bianchi,
Jo_Schlesser,9.18979E+11,\N,http://en.wikipedia.org/wiki/Jo_Schlesser,Schlesser,French,Jo_Schlesser Schlesser,
Widdows,9.18979E+11,\N,http://en.wikipedia.org/wiki/Robin_Widdows,Widdows,British,Widdows Widdows,
Ahrens,9.18979E+11,\N,"http://en.wikipedia.org/wiki/Kurt_Ahrens,_Jr.",Ahrens,German,Ahrens Ahrens,
Gardner,9.18979E+11,\N,http://en.wikipedia.org/wiki/Frank_Gardner_(driver),Gardner,Australian,Gardner Gardner,
Unser,9.18979E+11,\N,http://en.wikipedia.org/wiki/Bobby_Unser,Unser,American,Unser Unser,
Solana,9.18979E+11,\N,http://en.wikipedia.org/wiki/Mois%C3%A9s_Solana,Solana,Mexican,Solana Solana,
Anderson,9.18979E+11,\N,http://en.wikipedia.org/wiki/Bob_Anderson_(racing_driver),Anderson,British,Anderson Anderson,
Botha,9.18979E+11,\N,http://en.wikipedia.org/wiki/Luki_Botha,Botha,South African,Botha Botha,
Bandini,9.18979E+11,\N,http://en.wikipedia.org/wiki/Lorenzo_Bandini,Bandini,Italian,Bandini Bandini,
Ginther,9.18979E+11,\N,http://en.wikipedia.org/wiki/Richie_Ginther,Ginther,American,Ginther Ginther,
Parkes,9.18979E+11,\N,http://en.wikipedia.org/wiki/Mike_Parkes,Parkes,British,Parkes Parkes,
Irwin,9.18979E+11,\N,http://en.wikipedia.org/wiki/Chris_Irwin,Irwin,British,Irwin Irwin,
Ligier,9.18979E+11,\N,http://en.wikipedia.org/wiki/Guy_Ligier,Ligier,French,Ligier Ligier,
Rees,9.18979E+11,\N,http://en.wikipedia.org/wiki/Alan_Rees_(racing_driver),Rees,British,Rees Rees,
Hart,9.18979E+11,\N,http://en.wikipedia.org/wiki/Brian_Hart,Hart,British,Hart Hart,
Fisher,9.18979E+11,\N,http://en.wikipedia.org/wiki/Mike_Fisher_(driver),Fisher,American,Fisher Fisher,
Tom_Jones,9.18979E+11,\N,http://en.wikipedia.org/wiki/Tom_Jones_(auto_racer),Jones,American,Tom_Jones Jones,
Baghetti,9.18979E+11,\N,http://en.wikipedia.org/wiki/Giancarlo_Baghetti,Baghetti,Italian,Baghetti Baghetti,
Williams,9.18979E+11,\N,http://en.wikipedia.org/wiki/Jonathan_Williams_(racing_driver),Williams,British,Williams Williams,
Bondurant,9.18979E+11,\N,http://en.wikipedia.org/wiki/Bob_Bondurant,Bondurant,American,Bondurant Bondurant,
Arundell,9.18979E+11,\N,http://en.wikipedia.org/wiki/Peter_Arundell,Arundell,British,Arundell Arundell,
Vic_Wilson,9.18979E+11,\N,http://en.wikipedia.org/wiki/Vic_Wilson_(motor_racing_driver),Wilson,British,Vic_Wilson Wilson,
Taylor,9.18979E+11,\N,http://en.wikipedia.org/wiki/John_Taylor_(racer),Taylor,British,Taylor Taylor,
Lawrence,9.18979E+11,\N,http://en.wikipedia.org/wiki/Chris_Lawrence_(racing_driver),Lawrence,British,Lawrence Lawrence,
Trevor_Taylor,9.18979E+11,\N,http://en.wikipedia.org/wiki/Trevor_Taylor,Taylor,British,Trevor_Taylor Taylor,
Geki,9.18979E+11,\N,http://en.wikipedia.org/wiki/Geki_(driver),Russo,Italian,Geki Russo,
Phil_Hill,9.18979E+11,\N,http://en.wikipedia.org/wiki/Phil_Hill,Hill,American,Phil_Hill Hill,
Ireland,9.18979E+11,\N,http://en.wikipedia.org/wiki/Innes_Ireland,Ireland,British,Ireland Ireland,
Bucknum,9.18979E+11,\N,http://en.wikipedia.org/wiki/Ronnie_Bucknum,Bucknum,American,Bucknum Bucknum,
Hawkins,9.18979E+11,\N,http://en.wikipedia.org/wiki/Paul_Hawkins_(racing_driver),Hawkins,Australian,Hawkins Hawkins,
Prophet,9.18979E+11,\N,http://en.wikipedia.org/wiki/David_Prophet,Prophet,British,Prophet Prophet,
Maggs,9.18979E+11,\N,http://en.wikipedia.org/wiki/Tony_Maggs,Maggs,South African,Maggs Maggs,
Blokdyk,9.18979E+11,\N,http://en.wikipedia.org/wiki/Trevor_Blokdyk,Blokdyk,South African,Blokdyk Blokdyk,
Lederle,9.18979E+11,\N,http://en.wikipedia.org/wiki/Neville_Lederle,Lederle,South African,Lederle Lederle,
Serrurier,9.18979E+11,\N,http://en.wikipedia.org/wiki/Doug_Serrurier,Serrurier,South African,Serrurier Serrurier,
Niemann,9.18979E+11,\N,http://en.wikipedia.org/wiki/Brausch_Niemann,Niemann,South African,Niemann Niemann,
Pieterse,9.18979E+11,\N,http://en.wikipedia.org/wiki/Ernie_Pieterse,Pieterse,South African,Pieterse Pieterse,
Puzey,9.18979E+11,\N,http://en.wikipedia.org/wiki/Clive_Puzey,Puzey,Rhodesian,Puzey Puzey,
Reed,9.18979E+11,\N,http://en.wikipedia.org/wiki/Ray_Reed,Reed,South African,Reed Reed,
Clapham,9.18979E+11,\N,http://en.wikipedia.org/wiki/David_Clapham,Clapham,South African,Clapham Clapham,
Blignaut,9.18979E+11,\N,http://en.wikipedia.org/wiki/Alex_Blignaut,Blignaut,South African,Blignaut Blignaut,
Gregory,9.18979E+11,\N,http://en.wikipedia.org/wiki/Masten_Gregory,Gregory,American,Gregory Gregory,
Rhodes,9.18979E+11,\N,http://en.wikipedia.org/wiki/John_Rhodes_(driver),Rhodes,British,Rhodes Rhodes,
Raby,9.18979E+11,\N,http://en.wikipedia.org/wiki/Ian_Raby,Raby,British,Raby Raby,
Rollinson,9.18979E+11,\N,http://en.wikipedia.org/wiki/Alan_Rollinson,Rollinson,British,Rollinson Rollinson,
Gubby,9.18979E+11,\N,http://en.wikipedia.org/wiki/Brian_Gubby,Gubby,British,Gubby Gubby,
Mitter,9.18979E+11,\N,http://en.wikipedia.org/wiki/Gerhard_Mitter,Mitter,German,Mitter Mitter,
Bussinello,9.18979E+11,\N,http://en.wikipedia.org/wiki/Roberto_Bussinello,Bussinello,Italian,Bussinello Bussinello,
Vaccarella,9.18979E+11,\N,http://en.wikipedia.org/wiki/Nino_Vaccarella,Vaccarella,Italian,Vaccarella Vaccarella,
Bassi,9.18979E+11,\N,http://en.wikipedia.org/wiki/Giorgio_Bassi,Bassi,Italian,Bassi Bassi,
Trintignant,9.18979E+11,\N,http://en.wikipedia.org/wiki/Maurice_Trintignant,Trintignant,French,Trintignant Trintignant,
Collomb,9.18979E+11,\N,http://en.wikipedia.org/wiki/Bernard_Collomb,Collomb,French,Collomb Collomb,
Andre_Pilette,9.18979E+11,\N,http://en.wikipedia.org/wiki/Andr%C3%A9_Pilette,Pilette,Belgian,Andre_Pilette Pilette,
Beaufort,9.18979E+11,\N,http://en.wikipedia.org/wiki/Carel_Godin_de_Beaufort,de Beaufort,Dutch,Beaufort de Beaufort,
Barth,9.18979E+11,\N,http://en.wikipedia.org/wiki/Edgar_Barth,Barth,German,Barth Barth,
Cabral,9.18979E+11,\N,http://en.wikipedia.org/wiki/Mario_de_Araujo_Cabral,Cabral,Portuguese,Cabral Cabral,
Hansgen,9.18979E+11,\N,http://en.wikipedia.org/wiki/Walt_Hansgen,Hansgen,American,Hansgen Hansgen,
Sharp,9.18979E+11,\N,http://en.wikipedia.org/wiki/Hap_Sharp,Sharp,American,Sharp Sharp,
Mairesse,9.18979E+11,\N,http://en.wikipedia.org/wiki/Willy_Mairesse,Mairesse,Belgian,Mairesse Mairesse,
Campbell-Jones,9.18979E+11,\N,http://en.wikipedia.org/wiki/John_Campbell-Jones,Campbell-Jones,British,Campbell-Jones Campbell-Jones,
Burgess,9.18979E+11,\N,http://en.wikipedia.org/wiki/Ian_Burgess,Burgess,British,Burgess Burgess,
Settember,9.18979E+11,\N,http://en.wikipedia.org/wiki/Tony_Settember,Settember,American,Settember Settember,
Estefano,9.18979E+11,\N,http://en.wikipedia.org/wiki/Nasif_Est%C3%A9fano,Estéfano,Argentine,Estefano Estéfano,
Hall,9.18979E+11,\N,http://en.wikipedia.org/wiki/Jim_Hall_(race_car_driver),Hall,American,Hall Hall,
Parnell,9.18979E+11,\N,http://en.wikipedia.org/wiki/Tim_Parnell,Parnell,British,Parnell Parnell,
Kuhnke,9.18979E+11,\N,http://en.wikipedia.org/wiki/Kurt_Kuhnke,Kuhnke,German,Kuhnke Kuhnke,
Ernesto_Brambilla,9.18979E+11,\N,http://en.wikipedia.org/wiki/Ernesto_Brambilla,Brambilla,Italian,Ernesto_Brambilla Brambilla,
Lippi,9.18979E+11,\N,http://en.wikipedia.org/wiki/Roberto_Lippi,Lippi,Italian,Lippi Lippi,
Seiffert,9.18979E+11,\N,http://en.wikipedia.org/wiki/G%C3%BCnther_Seiffert,Seiffert,German,Seiffert Seiffert,
Abate,9.18979E+11,\N,http://en.wikipedia.org/wiki/Carlo_Mario_Abate,Abate,Italian,Abate Abate,
Starrabba,9.18979E+11,\N,http://en.wikipedia.org/wiki/Gaetano_Starrabba,Starrabba,Italian,Starrabba Starrabba,
Broeker,9.18979E+11,\N,http://en.wikipedia.org/wiki/Peter_Broeker,Broeker,Canadian,Broeker Broeker,
Ward,9.18979E+11,\N,http://en.wikipedia.org/wiki/Rodger_Ward,Ward,American,Ward Ward,
Vos,9.18979E+11,\N,http://en.wikipedia.org/wiki/Ernie_de_Vos,de Vos,Dutch,Vos de Vos,
Dochnal,9.18979E+11,\N,http://en.wikipedia.org/wiki/Frank_Dochnal,Dochnal,American,Dochnal Dochnal,
Monarch,9.18979E+11,\N,http://en.wikipedia.org/wiki/Talk:1963_Mexican_Grand_Prix#Who_was_Thomas_Monarch.3F,Monarch,American,Monarch Monarch,
Gasly,9.18979E+11,GAS,http://en.wikipedia.org/wiki/Pierre_Gasly,Gasly,French,Gasly Gasly,
Lewis,9.18979E+11,\N,http://en.wikipedia.org/wiki/Jackie_Lewis,Lewis,British,Lewis Lewis,
Ricardo_Rodriguez,9.18979E+11,\N,http://en.wikipedia.org/wiki/Ricardo_Rodr%C3%ADguez_(Formula_One),Rodríguez,Mexican,Ricardo_Rodriguez Rodríguez,
Seidel,9.18979E+11,\N,http://en.wikipedia.org/wiki/Wolfgang_Seidel,Seidel,German,Seidel Seidel,
Salvadori,9.18979E+11,\N,http://en.wikipedia.org/wiki/Roy_Salvadori,Salvadori,British,Salvadori Salvadori,
Pon,9.18979E+11,\N,http://en.wikipedia.org/wiki/Ben_Pon,Pon,Dutch,Pon Pon,
Slotemaker,9.18979E+11,\N,http://en.wikipedia.org/wiki/Rob_Slotemaker,Slotemaker,Dutch,Slotemaker Slotemaker,
Marsh,9.18979E+11,\N,http://en.wikipedia.org/wiki/Tony_Marsh_(racing_driver),Marsh,British,Marsh Marsh,
Ashmore,9.18979E+11,\N,http://en.wikipedia.org/wiki/Gerry_Ashmore,Ashmore,British,Ashmore Ashmore,
Schiller,9.18979E+11,\N,http://en.wikipedia.org/wiki/Heinz_Schiller,Schiller,Swiss,Schiller Schiller,
Davis,9.18979E+11,\N,http://en.wikipedia.org/wiki/Colin_Davis_(driver),Davis,British,Davis Davis,
Chamberlain,9.18979E+11,\N,http://en.wikipedia.org/wiki/Jay_Chamberlain,Chamberlain,American,Chamberlain Chamberlain,
Shelly,9.18979E+11,\N,http://en.wikipedia.org/wiki/Tony_Shelly,Shelly,New Zealander,Shelly Shelly,
Greene,9.18979E+11,\N,http://en.wikipedia.org/wiki/Keith_Greene,Greene,British,Greene Greene,
Walter,9.18979E+11,\N,http://en.wikipedia.org/wiki/Heini_Walter,Walter,Swiss,Walter Walter,
Prinoth,9.18979E+11,\N,http://en.wikipedia.org/wiki/Ernesto_Prinoth,Prinoth,Italian,Prinoth Prinoth,
Penske,9.18979E+11,\N,http://en.wikipedia.org/wiki/Roger_Penske,Penske,American,Penske Penske,
Schroeder,9.18979E+11,\N,http://en.wikipedia.org/wiki/Rob_Schroeder,Schroeder,British,Schroeder Schroeder,
Mayer,9.18979E+11,\N,http://en.wikipedia.org/wiki/Timmy_Mayer,Mayer,American,Mayer Mayer,
Johnstone,9.18979E+11,\N,http://en.wikipedia.org/wiki/Bruce_Johnstone_(racing_driver),Johnstone,South African,Johnstone Johnstone,
Harris,9.18979E+11,\N,http://en.wikipedia.org/wiki/Mike_Harris_(race_car_driver),Harris,South African,Harris Harris,
Hocking,9.18979E+11,\N,http://en.wikipedia.org/wiki/Gary_Hocking,Hocking,Rhodesian,Hocking Hocking,
Vyver,9.18979E+11,\N,http://en.wikipedia.org/wiki/Syd_van_der_Vyver,van der Vyver,South African,Vyver van der Vyver,
Moss,9.18979E+11,\N,http://en.wikipedia.org/wiki/Stirling_Moss,Moss,British,Moss Moss,
Trips,9.18979E+11,\N,http://en.wikipedia.org/wiki/Wolfgang_Graf_Berghe_von_Trips,von Trips,German,Trips von Trips,
Allison,9.18979E+11,\N,http://en.wikipedia.org/wiki/Cliff_Allison,Allison,British,Allison Allison,
Herrmann,9.18979E+11,\N,http://en.wikipedia.org/wiki/Hans_Herrmann,Herrmann,German,Herrmann Herrmann,
Brooks,9.18979E+11,\N,http://en.wikipedia.org/wiki/Tony_Brooks,Brooks,British,Brooks Brooks,
May,9.18979E+11,\N,http://en.wikipedia.org/wiki/Michael_May_(racing_driver),May,Swiss,May May,
Henry_Taylor,9.18979E+11,\N,http://en.wikipedia.org/wiki/Henry_Taylor_(racing_driver),Taylor,British,Henry_Taylor Taylor,
Gendebien,9.18979E+11,\N,http://en.wikipedia.org/wiki/Olivier_Gendebien,Gendebien,Belgian,Gendebien Gendebien,
Scarlatti,9.18979E+11,\N,http://en.wikipedia.org/wiki/Giorgio_Scarlatti,Scarlatti,Italian,Scarlatti Scarlatti,
Naylor,9.18979E+11,\N,http://en.wikipedia.org/wiki/Brian_Naylor,Naylor,British,Naylor Naylor,
Bordeu,9.18979E+11,\N,http://en.wikipedia.org/wiki/Juan_Manuel_Bordeu,Bordeu,Argentine,Bordeu Bordeu,
Fairman,9.18979E+11,\N,http://en.wikipedia.org/wiki/Jack_Fairman,Fairman,British,Fairman Fairman,
Natili,9.18979E+11,\N,http://en.wikipedia.org/wiki/Massimo_Natili,Natili,Italian,Natili Natili,
Monteverdi,9.18979E+11,\N,http://en.wikipedia.org/wiki/Peter_Monteverdi,Monteverdi,Swiss,Monteverdi Monteverdi,
Pirocchi,9.18979E+11,\N,http://en.wikipedia.org/wiki/Renato_Pirocchi,Pirocchi,Italian,Pirocchi Pirocchi,
Duke,9.18979E+11,\N,http://en.wikipedia.org/wiki/Geoff_Duke,Duke,British,Duke Duke,
Thiele,9.18979E+11,\N,http://en.wikipedia.org/wiki/Alfonso_Thiele,Thiele,American-Italian,Thiele Thiele,
Boffa,9.18979E+11,\N,http://en.wikipedia.org/wiki/Menato_Boffa,Boffa,Italian,Boffa Boffa,
Ryan,9.18979E+11,\N,http://en.wikipedia.org/wiki/Peter_Ryan_(driver),Ryan,Canadian,Ryan Ryan,
Ruby,9.18979E+11,\N,http://en.wikipedia.org/wiki/Lloyd_Ruby,Ruby,American,Ruby Ruby,
Ken_Miles,9.18979E+11,\N,http://en.wikipedia.org/wiki/Ken_Miles,Miles,British,Ken_Miles Miles,
Menditeguy,9.18979E+11,\N,http://en.wikipedia.org/wiki/Carlos_Menditeguy,Menditeguy,Argentine,Menditeguy Menditeguy,
Larreta,9.18979E+11,\N,http://en.wikipedia.org/wiki/Alberto_Rodriguez_Larreta,Larreta,Argentine,Larreta Larreta,
Gonzalez,9.18979E+11,\N,http://en.wikipedia.org/wiki/Jos%C3%A9_Froil%C3%A1n_Gonz%C3%A1lez,González,Argentine,Gonzalez González,
Bonomi,9.18979E+11,\N,http://en.wikipedia.org/wiki/Roberto_Bonomi,Bonomi,Argentine,Bonomi Bonomi,
Munaron,9.18979E+11,\N,http://en.wikipedia.org/wiki/Gino_Munaron,Munaron,Italian,Munaron Munaron,
Schell,9.18979E+11,\N,http://en.wikipedia.org/wiki/Harry_Schell,Schell,American,Schell Schell,
Stacey,9.18979E+11,\N,http://en.wikipedia.org/wiki/Alan_Stacey,Stacey,British,Stacey Stacey,
Chimeri,9.18979E+11,\N,http://en.wikipedia.org/wiki/Ettore_Chimeri,Chimeri,Venezuelan,Chimeri Chimeri,
Creus,9.18979E+11,\N,http://en.wikipedia.org/wiki/Antonio_Creus,Creus,Spanish,Creus Creus,
Bristow,9.18979E+11,\N,http://en.wikipedia.org/wiki/Chris_Bristow,Bristow,British,Bristow Bristow,
Halford,9.18979E+11,\N,http://en.wikipedia.org/wiki/Bruce_Halford,Halford,British,Halford Halford,
Daigh,9.18979E+11,\N,http://en.wikipedia.org/wiki/Chuck_Daigh,Daigh,American,Daigh Daigh,
Reventlow,9.18979E+11,\N,http://en.wikipedia.org/wiki/Lance_Reventlow,Reventlow,American,Reventlow Reventlow,
Rathmann,9.18979E+11,\N,http://en.wikipedia.org/wiki/Jim_Rathmann,Rathmann,American,Rathmann Rathmann,
Goldsmith,9.18979E+11,\N,http://en.wikipedia.org/wiki/Paul_Goldsmith,Goldsmith,American,Goldsmith Goldsmith,
Branson,9.18979E+11,\N,http://en.wikipedia.org/wiki/Don_Branson,Branson,American,Branson Branson,
Thomson,9.18979E+11,\N,http://en.wikipedia.org/wiki/Johnny_Thomson,Thomson,American,Thomson Thomson,
Johnson,9.18979E+11,\N,http://en.wikipedia.org/wiki/Eddie_Johnson_(auto_racer),Johnson,American,Johnson Johnson,
Veith,9.18979E+11,\N,http://en.wikipedia.org/wiki/Bob_Veith,Veith,American,Veith Veith,
Tingelstad,9.18979E+11,\N,http://en.wikipedia.org/wiki/Bud_Tingelstad,Tingelstad,American,Tingelstad Tingelstad,
Christie,9.18979E+11,\N,http://en.wikipedia.org/wiki/Bob_Christie_(racing_driver),Christie,American,Christie Christie,
Amick,9.18979E+11,\N,http://en.wikipedia.org/wiki/Red_Amick,Amick,American,Amick Amick,
Darter,9.18979E+11,\N,http://en.wikipedia.org/wiki/Duane_Carter,Carter,American,Darter Carter,
Homeier,9.18979E+11,\N,http://en.wikipedia.org/wiki/Bill_Homeier,Homeier,American,Homeier Homeier,
Hartley,9.18979E+11,\N,http://en.wikipedia.org/wiki/Gene_Hartley,Hartley,American,Hartley Hartley,
Stevenson,9.18979E+11,\N,http://en.wikipedia.org/wiki/Chuck_Stevenson,Stevenson,American,Stevenson Stevenson,
Grim,9.18979E+11,\N,http://en.wikipedia.org/wiki/Bobby_Grim,Grim,American,Grim Grim,
Templeman,9.18979E+11,\N,http://en.wikipedia.org/wiki/Shorty_Templeman,Templeman,American,Templeman Templeman,
Hurtubise,9.18979E+11,\N,http://en.wikipedia.org/wiki/Jim_Hurtubise,Hurtubise,American,Hurtubise Hurtubise,
Bryan,9.18979E+11,\N,http://en.wikipedia.org/wiki/Jimmy_Bryan,Bryan,American,Bryan Bryan,
Ruttman,9.18979E+11,\N,http://en.wikipedia.org/wiki/Troy_Ruttman,Ruttman,American,Ruttman Ruttman,
Sachs,9.18979E+11,\N,http://en.wikipedia.org/wiki/Eddie_Sachs,Sachs,American,Sachs Sachs,
Freeland,9.18979E+11,\N,http://en.wikipedia.org/wiki/Don_Freeland,Freeland,American,Freeland Freeland,
Bettenhausen,9.18979E+11,\N,http://en.wikipedia.org/wiki/Tony_Bettenhausen,Bettenhausen,American,Bettenhausen Bettenhausen,
Weiler,9.18979E+11,\N,http://en.wikipedia.org/wiki/Wayne_Weiler,Weiler,American,Weiler Weiler,
Foyt,9.18979E+11,\N,http://en.wikipedia.org/wiki/A.J._Foyt,Foyt,American,Foyt Foyt,
Russo,9.18979E+11,\N,http://en.wikipedia.org/wiki/Eddie_Russo,Russo,American,Russo Russo,
Boyd,9.18979E+11,\N,http://en.wikipedia.org/wiki/Johnny_Boyd,Boyd,American,Boyd Boyd,
Force,9.18979E+11,\N,http://en.wikipedia.org/wiki/Gene_Force,Force,American,Force Force,
Mcwithey,9.18979E+11,\N,http://en.wikipedia.org/wiki/Jim_McWithey,McWithey,American,Mcwithey McWithey,
Sutton,9.18979E+11,\N,http://en.wikipedia.org/wiki/Len_Sutton,Sutton,American,Sutton Sutton,
Dick_Rathmann,9.18979E+11,\N,http://en.wikipedia.org/wiki/Dick_Rathmann,Rathmann,American,Dick_Rathmann Rathmann,
Herman,9.18979E+11,\N,http://en.wikipedia.org/wiki/Al_Herman,Herman,American,Herman Herman,
Dempsey_Wilson,9.18979E+11,\N,http://en.wikipedia.org/wiki/Dempsey_Wilson,Wilson,American,Dempsey_Wilson Wilson,
Mike_Taylor,9.18979E+11,\N,http://en.wikipedia.org/wiki/Mike_Taylor_(driver),Taylor,British,Mike_Taylor Taylor,
Flockhart,9.18979E+11,\N,http://en.wikipedia.org/wiki/Ron_Flockhart_(auto_racing),Flockhart,British,Flockhart Flockhart,
Piper,9.18979E+11,\N,http://en.wikipedia.org/wiki/David_Piper,Piper,British,Piper Piper,
Cabianca,9.18979E+11,\N,http://en.wikipedia.org/wiki/Giulio_Cabianca,Cabianca,Italian,Cabianca Cabianca,
Drogo,9.18979E+11,\N,http://en.wikipedia.org/wiki/Piero_Drogo,Drogo,Italian,Drogo Drogo,
Gamble,9.18979E+11,\N,http://en.wikipedia.org/wiki/Fred_Gamble_(racing_driver),Gamble,American,Gamble Gamble,
Owen,9.18979E+11,\N,http://en.wikipedia.org/wiki/Arthur_Owen,Owen,British,Owen Owen,
Gould,9.18979E+11,\N,http://en.wikipedia.org/wiki/Horace_Gould,Gould,British,Gould Gould,
Drake,9.18979E+11,\N,http://en.wikipedia.org/wiki/Bob_Drake_(Formula_One),Drake,American,Drake Drake,
Bueb,9.18979E+11,\N,http://en.wikipedia.org/wiki/Ivor_Bueb,Bueb,British,Bueb Bueb,
Changy,9.18979E+11,\N,http://en.wikipedia.org/wiki/Alain_de_Changy,de Changy,Belgian,Changy de Changy,
Filippis,9.18979E+11,\N,http://en.wikipedia.org/wiki/Maria_Teresa_de_Filippis,de Filippis,Italian,Filippis de Filippis,
Lucienbonnet,9.18979E+11,\N,http://en.wikipedia.org/wiki/Jean_Lucienbonnet,Lucienbonnet,French,Lucienbonnet Lucienbonnet,
Testut,9.18979E+11,\N,http://en.wikipedia.org/wiki/Andr%C3%A9_Testut,Testut,Monegasque,Testut Testut,
Behra,9.18979E+11,\N,http://en.wikipedia.org/wiki/Jean_Behra,Behra,French,Behra Behra,
Paul_Russo,9.18979E+11,\N,http://en.wikipedia.org/wiki/Paul_Russo,Russo,American,Paul_Russo Russo,
Daywalt,9.18979E+11,\N,http://en.wikipedia.org/wiki/Jimmy_Daywalt,Daywalt,American,Daywalt Daywalt,
Arnold,9.18979E+11,\N,http://en.wikipedia.org/wiki/Chuck_Arnold,Arnold,American,Arnold Arnold,
Keller,9.18979E+11,\N,http://en.wikipedia.org/wiki/Al_Keller,Keller,American,Keller Keller,
Flaherty,9.18979E+11,\N,http://en.wikipedia.org/wiki/Pat_Flaherty_(racing_driver),Flaherty,American,Flaherty Flaherty,
Cheesbourg,9.18979E+11,\N,http://en.wikipedia.org/wiki/Bill_Cheesbourg,Cheesbourg,American,Cheesbourg Cheesbourg,
Ray_Crawford,9.18979E+11,\N,http://en.wikipedia.org/wiki/Ray_Crawford,Crawford,American,Ray_Crawford Crawford,
Turner,9.18979E+11,\N,http://en.wikipedia.org/wiki/Jack_Turner_(driver),Turner,American,Turner Turner,
Weyant,9.18979E+11,\N,http://en.wikipedia.org/wiki/Chuck_Weyant,Weyant,American,Weyant Weyant,
Larson,9.18979E+11,\N,http://en.wikipedia.org/wiki/Jud_Larson,Larson,American,Larson Larson,
Magill,9.18979E+11,\N,http://en.wikipedia.org/wiki/Mike_Magill,Magill,American,Magill Magill,
Shelby,9.18979E+11,\N,http://en.wikipedia.org/wiki/Carroll_Shelby,Shelby,American,Shelby Shelby,
Orey,9.18979E+11,\N,http://en.wikipedia.org/wiki/Fritz_d%27Orey,d'Orey,Brazilian,Orey d'Orey,
Fontes,9.18979E+11,\N,http://en.wikipedia.org/wiki/Azdrubal_Fontes,Fontes,Uruguayan,Fontes Fontes,
Ashdown,9.18979E+11,\N,http://en.wikipedia.org/wiki/Peter_Ashdown,Ashdown,British,Ashdown Ashdown,
Bill_Moss,9.18979E+11,\N,http://en.wikipedia.org/wiki/Bill_Moss_(racing_driver),Moss,British,Bill_Moss Moss,
Dennis_Taylor,9.18979E+11,\N,http://en.wikipedia.org/wiki/Dennis_Taylor_(racing_driver),Taylor,British,Dennis_Taylor Taylor,
Blanchard,9.18979E+11,\N,http://en.wikipedia.org/wiki/Harry_Blanchard,Blanchard,American,Blanchard Blanchard,
Tomaso,9.18979E+11,\N,http://en.wikipedia.org/wiki/Alessandro_de_Tomaso,de Tomaso,Argentine-Italian,Tomaso de Tomaso,
Constantine,9.18979E+11,\N,http://en.wikipedia.org/wiki/George_Constantine,Constantine,American,Constantine Constantine,
Said,9.18979E+11,\N,http://en.wikipedia.org/wiki/Bob_Said,Said,American,Said Said,
Cade,9.18979E+11,\N,http://en.wikipedia.org/wiki/Phil_Cade,Cade,American,Cade Cade,
Musso,9.18979E+11,\N,http://en.wikipedia.org/wiki/Luigi_Musso,Musso,Italian,Musso Musso,
Hawthorn,9.18979E+11,\N,http://en.wikipedia.org/wiki/Mike_Hawthorn,Hawthorn,British,Hawthorn Hawthorn,
Fangio,9.18979E+11,\N,http://en.wikipedia.org/wiki/Juan_Manuel_Fangio,Fangio,Argentine,Fangio Fangio,
Godia,9.18979E+11,\N,http://en.wikipedia.org/wiki/Paco_Godia,Godia,Spanish,Godia Godia,
Collins,9.18979E+11,\N,http://en.wikipedia.org/wiki/Peter_Collins_(racing_driver),Collins,British,Collins Collins,
Kavanagh,9.18979E+11,\N,http://en.wikipedia.org/wiki/Ken_Kavanagh,Kavanagh,Australian,Kavanagh Kavanagh,
Gerini,9.18979E+11,\N,http://en.wikipedia.org/wiki/Gerino_Gerini_(racing_driver),Gerini,Italian,Gerini Gerini,
Kessler,9.18979E+11,\N,http://en.wikipedia.org/wiki/Bruce_Kessler,Kessler,American,Kessler Kessler,
Emery,9.18979E+11,\N,http://en.wikipedia.org/wiki/Paul_Emery,Emery,British,Emery Emery,
Piotti,9.18979E+11,\N,http://en.wikipedia.org/wiki/Luigi_Piotti,Piotti,Italian,Piotti Piotti,
Ecclestone,9.18979E+11,\N,http://en.wikipedia.org/wiki/Bernie_Ecclestone,Ecclestone,British,Ecclestone Ecclestone,
Taramazzo,9.18979E+11,\N,http://en.wikipedia.org/wiki/Luigi_Taramazzo,Taramazzo,Italian,Taramazzo Taramazzo,
Chiron,9.18979E+11,\N,http://en.wikipedia.org/wiki/Louis_Chiron,Chiron,Monegasque,Chiron Chiron,
Lewis-Evans,9.18979E+11,\N,http://en.wikipedia.org/wiki/Stuart_Lewis-Evans,Lewis-Evans,British,Lewis-Evans Lewis-Evans,
George_Amick,9.18979E+11,\N,http://en.wikipedia.org/wiki/George_Amick,Amick,American,George_Amick Amick,
Reece,9.18979E+11,\N,http://en.wikipedia.org/wiki/Jimmy_Reece,Reece,American,Reece Reece,
Parsons,9.18979E+11,\N,http://en.wikipedia.org/wiki/Johnnie_Parsons,Parsons,American,Parsons Parsons,
Tolan,9.18979E+11,\N,http://en.wikipedia.org/wiki/Johnnie_Tolan,Tolan,American,Tolan Tolan,
Garrett,9.18979E+11,\N,http://en.wikipedia.org/wiki/Billy_Garrett,Garrett,American,Garrett Garrett,
Elisian,9.18979E+11,\N,http://en.wikipedia.org/wiki/Ed_Elisian,Elisian,American,Elisian Elisian,
Connor,9.18979E+11,\N,http://en.wikipedia.org/wiki/Pat_O%27Connor_(auto_racer),O'Connor,American,Connor O'Connor,
Jerry_Unser,9.18979E+11,\N,http://en.wikipedia.org/wiki/Jerry_Unser,Unser,American,Jerry_Unser Unser,
Bisch,9.18979E+11,\N,http://en.wikipedia.org/wiki/Art_Bisch,Bisch,American,Bisch Bisch,
Goethals,9.18979E+11,\N,http://en.wikipedia.org/wiki/Christian_Goethals,Goethals,Belgian,Goethals Goethals,
Gibson,9.18979E+11,\N,http://en.wikipedia.org/wiki/Dick_Gibson,Gibson,British,Gibson Gibson,
La_Caze,9.18979E+11,\N,http://en.wikipedia.org/wiki/Robert_La_Caze,La Caze,French,La_Caze La Caze,
Guelfi,9.18979E+11,\N,http://en.wikipedia.org/wiki/Andr%C3%A9_Guelfi,Guelfi,French,Guelfi Guelfi,
Picard,9.18979E+11,\N,http://en.wikipedia.org/wiki/Fran%C3%A7ois_Picard,Picard,French,Picard Picard,
Bridger,9.18979E+11,\N,http://en.wikipedia.org/wiki/Tom_Bridger,Bridger,British,Bridger Bridger,
Portago,9.18979E+11,\N,http://en.wikipedia.org/wiki/Alfonso_de_Portago,de Portago,Spanish,Portago de Portago,
Perdisa,9.18979E+11,\N,http://en.wikipedia.org/wiki/Cesare_Perdisa,Perdisa,Italian,Perdisa Perdisa,
Castellotti,9.18979E+11,\N,http://en.wikipedia.org/wiki/Eugenio_Castellotti,Castellotti,Italian,Castellotti Castellotti,
Simon,9.18979E+11,\N,http://en.wikipedia.org/wiki/Andr%C3%A9_Simon_(racing_driver),Simon,French,Simon Simon,
Leston,9.18979E+11,\N,http://en.wikipedia.org/wiki/Les_Leston,Leston,British,Leston Leston,
Hanks,9.18979E+11,\N,http://en.wikipedia.org/wiki/Sam_Hanks,Hanks,American,Hanks Hanks,
Linden,9.18979E+11,\N,http://en.wikipedia.org/wiki/Andy_Linden_(racing_driver),Linden,American,Linden Linden,
Teague,9.18979E+11,\N,http://en.wikipedia.org/wiki/Marshall_Teague_(racing_driver),Teague,American,Teague Teague,
Edmunds,9.18979E+11,\N,http://en.wikipedia.org/wiki/Don_Edmunds,Edmunds,American,Edmunds Edmunds,
Agabashian,9.18979E+11,\N,http://en.wikipedia.org/wiki/Fred_Agabashian,Agabashian,American,Agabashian Agabashian,
George,9.18979E+11,\N,http://en.wikipedia.org/wiki/Elmer_George,George,American,George George,
Macdowel,9.18979E+11,\N,http://en.wikipedia.org/wiki/Mike_MacDowel,MacDowel,British,Macdowel MacDowel,
Mackay-Fraser,9.18979E+11,\N,http://en.wikipedia.org/wiki/Herbert_MacKay-Fraser,MacKay-Fraser,American,Mackay-Fraser MacKay-Fraser,
Gerard,9.18979E+11,\N,http://en.wikipedia.org/wiki/Bob_Gerard,Gerard,British,Gerard Gerard,
Maglioli,9.18979E+11,\N,http://en.wikipedia.org/wiki/Umberto_Maglioli,Maglioli,Italian,Maglioli Maglioli,
England,9.18979E+11,\N,http://en.wikipedia.org/wiki/Paul_England,England,Australian,England England,
Landi,9.18979E+11,\N,http://en.wikipedia.org/wiki/Chico_Landi,Landi,Brazilian,Landi Landi,
Uria,9.18979E+11,\N,http://en.wikipedia.org/wiki/Alberto_Uria,Uria,Uruguayan,Uria Uria,
Ramos,9.18979E+11,\N,http://en.wikipedia.org/wiki/Hernando_da_Silva_Ramos,da Silva Ramos,Brazilian,Ramos da Silva Ramos,
Bayol,9.18979E+11,\N,http://en.wikipedia.org/wiki/%C3%89lie_Bayol,Bayol,French,Bayol Bayol,
Manzon,9.18979E+11,\N,http://en.wikipedia.org/wiki/Robert_Manzon,Manzon,French,Manzon Manzon,
Rosier,9.18979E+11,\N,http://en.wikipedia.org/wiki/Louis_Rosier,Rosier,French,Rosier Rosier,
Sweikert,9.18979E+11,\N,http://en.wikipedia.org/wiki/Bob_Sweikert,Sweikert,American,Sweikert Sweikert,
Griffith,9.18979E+11,\N,http://en.wikipedia.org/wiki/Cliff_Griffith,Griffith,American,Griffith Griffith,
Dinsmore,9.18979E+11,\N,http://en.wikipedia.org/wiki/Duke_Dinsmore,Dinsmore,American,Dinsmore Dinsmore,
Andrews,9.18979E+11,\N,http://en.wikipedia.org/wiki/Keith_Andrews_(driver),Andrews,American,Andrews Andrews,
Frere,9.18979E+11,\N,http://en.wikipedia.org/wiki/Paul_Fr%C3%A8re,Frère,Belgian,Frere Frère,
Villoresi,9.18979E+11,\N,http://en.wikipedia.org/wiki/Luigi_Villoresi,Villoresi,Italian,Villoresi Villoresi,
Scotti,9.18979E+11,\N,http://en.wikipedia.org/wiki/Piero_Scotti,Scotti,Italian,Scotti Scotti,
Chapman,9.18979E+11,\N,http://en.wikipedia.org/wiki/Colin_Chapman,Chapman,British,Chapman Chapman,
Titterington,9.18979E+11,\N,http://en.wikipedia.org/wiki/Desmond_Titterington,Titterington,British,Titterington Titterington,
Scott_Brown,9.18979E+11,\N,http://en.wikipedia.org/wiki/Archie_Scott_Brown,Scott Brown,British,Scott_Brown Scott Brown,
Volonterio,9.18979E+11,\N,http://en.wikipedia.org/wiki/Ottorino_Volonterio,Volonterio,Swiss,Volonterio Volonterio,
Milhoux,9.18979E+11,\N,http://en.wikipedia.org/wiki/Andr%C3%A9_Milhoux,Milhoux,Belgian,Milhoux Milhoux,
Graffenried,9.18979E+11,\N,http://en.wikipedia.org/wiki/Toulo_de_Graffenried,de Graffenried,Swiss,Graffenried de Graffenried,
Taruffi,9.18979E+11,\N,http://en.wikipedia.org/wiki/Piero_Taruffi,Taruffi,Italian,Taruffi Taruffi,
Farina,9.18979E+11,\N,http://en.wikipedia.org/wiki/Nino_Farina,Farina,Italian,Farina Farina,
Mieres,9.18979E+11,\N,http://en.wikipedia.org/wiki/Roberto_Mieres,Mieres,Argentine,Mieres Mieres,
Mantovani,9.18979E+11,\N,http://en.wikipedia.org/wiki/Sergio_Mantovani,Mantovani,Italian,Mantovani Mantovani,
Bucci,9.18979E+11,\N,http://en.wikipedia.org/wiki/Clemar_Bucci,Bucci,Argentine,Bucci Bucci,
Iglesias,9.18979E+11,\N,http://en.wikipedia.org/wiki/Jes%C3%BAs_Iglesias,Iglesias,Argentine,Iglesias Iglesias,
Ascari,9.18979E+11,\N,http://en.wikipedia.org/wiki/Alberto_Ascari,Ascari,Italian,Ascari Ascari,
Kling,9.18979E+11,\N,http://en.wikipedia.org/wiki/Karl_Kling,Kling,German,Kling Kling,
Birger,9.18979E+11,\N,http://en.wikipedia.org/wiki/Pablo_Birger,Birger,Argentine,Birger Birger,
Pollet,9.18979E+11,\N,http://en.wikipedia.org/wiki/Jacques_Pollet,Pollet,French,Pollet Pollet,
Macklin,9.18979E+11,\N,http://en.wikipedia.org/wiki/Lance_Macklin,Macklin,British,Macklin Macklin,
Whiteaway,9.18979E+11,\N,http://en.wikipedia.org/wiki/Ted_Whiteaway,Whiteaway,British,Whiteaway Whiteaway,
Davies,9.18979E+11,\N,http://en.wikipedia.org/wiki/Jimmy_Davies,Davies,American,Davies Davies,
Faulkner,9.18979E+11,\N,http://en.wikipedia.org/wiki/Walt_Faulkner,Faulkner,American,Faulkner Faulkner,
Niday,9.18979E+11,\N,http://en.wikipedia.org/wiki/Cal_Niday,Niday,American,Niday Niday,
Cross,9.18979E+11,\N,http://en.wikipedia.org/wiki/Art_Cross,Cross,American,Cross Cross,
Vukovich,9.18979E+11,\N,http://en.wikipedia.org/wiki/Bill_Vukovich,Vukovich,American,Vukovich Vukovich,
Mcgrath,9.18979E+11,\N,http://en.wikipedia.org/wiki/Jack_McGrath_(racing_driver),McGrath,American,Mcgrath McGrath,
Hoyt,9.18979E+11,\N,http://en.wikipedia.org/wiki/Jerry_Hoyt,Hoyt,American,Hoyt Hoyt,
Claes,9.18979E+11,\N,http://en.wikipedia.org/wiki/Johnny_Claes,Claes,Belgian,Claes Claes,
Peter_Walker,9.18979E+11,\N,http://en.wikipedia.org/wiki/Peter_Walker_(driver),Walker,British,Peter_Walker Walker,
Sparken,9.18979E+11,\N,http://en.wikipedia.org/wiki/Mike_Sparken,Sparken,French,Sparken Sparken,
Wharton,9.18979E+11,\N,http://en.wikipedia.org/wiki/Ken_Wharton,Wharton,British,Wharton Wharton,
Mcalpine,9.18979E+11,\N,http://en.wikipedia.org/wiki/Kenneth_McAlpine,McAlpine,British,Mcalpine McAlpine,
Marr,9.18979E+11,\N,http://en.wikipedia.org/wiki/Leslie_Marr,Marr,British,Marr Marr,
Rolt,9.18979E+11,\N,http://en.wikipedia.org/wiki/Tony_Rolt,Rolt,British,Rolt Rolt,
Fitch,9.18979E+11,\N,http://en.wikipedia.org/wiki/John_Fitch_(driver),Fitch,American,Fitch Fitch,
Lucas,9.18979E+11,\N,http://en.wikipedia.org/wiki/Jean_Lucas,Lucas,French,Lucas Lucas,
Bira,9.18979E+11,\N,http://en.wikipedia.org/wiki/Prince_Bira,Bira,Thai,Bira Bira,
Marimon,9.18979E+11,\N,http://en.wikipedia.org/wiki/Onofre_Marim%C3%B3n,Marimón,Argentine,Marimon Marimón,
Loyer,9.18979E+11,\N,http://en.wikipedia.org/wiki/Roger_Loyer,Loyer,French,Loyer Loyer,
Daponte,9.18979E+11,\N,http://en.wikipedia.org/wiki/Jorge_Daponte,Daponte,Argentine,Daponte Daponte,
Nazaruk,9.18979E+11,\N,http://en.wikipedia.org/wiki/Mike_Nazaruk,Nazaruk,American,Nazaruk Nazaruk,
Crockett,9.18979E+11,\N,http://en.wikipedia.org/wiki/Larry_Crockett,Crockett,American,Crockett Crockett,
Ayulo,9.18979E+11,\N,http://en.wikipedia.org/wiki/Manny_Ayulo,Ayulo,American,Ayulo Ayulo,
Armi,9.18979E+11,\N,http://en.wikipedia.org/wiki/Frank_Armi,Armi,American,Armi Armi,
Webb,9.18979E+11,\N,http://en.wikipedia.org/wiki/Travis_Webb,Webb,American,Webb Webb,
Duncan,9.18979E+11,\N,http://en.wikipedia.org/wiki/Len_Duncan,Duncan,American,Duncan Duncan,
Mccoy,9.18979E+11,\N,http://en.wikipedia.org/wiki/Ernie_McCoy,McCoy,American,Mccoy McCoy,
Swaters,9.18979E+11,\N,http://en.wikipedia.org/wiki/Jacques_Swaters,Swaters,American,Swaters Swaters,
Georges_Berger,9.18979E+11,\N,http://en.wikipedia.org/wiki/Georges_Berger,Berger,Belgian,Georges_Berger Berger,
Beauman,9.18979E+11,\N,http://en.wikipedia.org/wiki/Don_Beauman,Beauman,British,Beauman Beauman,
Thorne,9.18979E+11,\N,http://en.wikipedia.org/wiki/Leslie_Thorne,Thorne,British,Thorne Thorne,
Whitehouse,9.18979E+11,\N,http://en.wikipedia.org/wiki/Bill_Whitehouse,Whitehouse,British,Whitehouse Whitehouse,
Riseley_Prichard,9.18979E+11,\N,http://en.wikipedia.org/wiki/John_Riseley-Prichard,Riseley-Prichard,British,Riseley_Prichard Riseley-Prichard,
Reg_Parnell,9.18979E+11,\N,http://en.wikipedia.org/wiki/Reg_Parnell,Parnell,British,Reg_Parnell Parnell,
Whitehead,9.18979E+11,\N,http://en.wikipedia.org/wiki/Peter_Whitehead_(racing_driver),Whitehead,British,Whitehead Whitehead,
Brandon,9.18979E+11,\N,http://en.wikipedia.org/wiki/Eric_Brandon,Brandon,British,Brandon Brandon,
Alan_Brown,9.18979E+11,\N,http://en.wikipedia.org/wiki/Alan_Brown_(racing_driver),Brown,British,Alan_Brown Brown,
Nuckey,9.18979E+11,\N,http://en.wikipedia.org/wiki/Rodney_Nuckey,Nuckey,British,Nuckey Nuckey,
Lang,9.18979E+11,\N,http://en.wikipedia.org/wiki/Hermann_Lang,Lang,German,Lang Lang,
Helfrich,9.18979E+11,\N,http://en.wikipedia.org/wiki/Theo_Helfrich,Helfrich,German,Helfrich Helfrich,
Wacker,9.18979E+11,\N,http://en.wikipedia.org/wiki/Fred_Wacker,Wacker,American,Wacker Wacker,
Riu,9.18979E+11,\N,http://en.wikipedia.org/wiki/Giovanni_de_Riu,de Riu,Italian,Riu de Riu,
Galvez,9.18979E+11,\N,http://en.wikipedia.org/wiki/%C3%93scar_Alfredo_G%C3%A1lvez,Gálvez,Argentine,Galvez Gálvez,
John_Barber,9.18979E+11,\N,http://en.wikipedia.org/wiki/John_Barber_(racing_driver),Barber,British,John_Barber Barber,
Bonetto,9.18979E+11,\N,http://en.wikipedia.org/wiki/Felice_Bonetto,Bonetto,Italian,Bonetto Bonetto,
Cruz,9.18979E+11,\N,http://en.wikipedia.org/wiki/Adolfo_Schewelm_Cruz,Cruz,Argentine,Cruz Cruz,
Nalon,9.18979E+11,\N,http://en.wikipedia.org/wiki/Duke_Nalon,Nalon,American,Nalon Nalon,
Scarborough,9.18979E+11,\N,http://en.wikipedia.org/wiki/Carl_Scarborough,Scarborough,American,Scarborough Scarborough,
Holland,9.18979E+11,\N,http://en.wikipedia.org/wiki/Bill_Holland,Holland,American,Holland Holland,
Bob_Scott,9.18979E+11,\N,http://en.wikipedia.org/wiki/Bob_Scott_(auto_racer),Scott,American,Bob_Scott Scott,
Legat,9.18979E+11,\N,http://en.wikipedia.org/wiki/Arthur_Legat,Legat,Belgian,Legat Legat,
Cabantous,9.18979E+11,\N,http://en.wikipedia.org/wiki/Yves_Giraud_Cabantous,Cabantous,French,Cabantous Cabantous,
Crook,9.18979E+11,\N,http://en.wikipedia.org/wiki/Tony_Crook,Crook,British,Crook Crook,
Jimmy_Stewart,9.18979E+11,\N,http://en.wikipedia.org/wiki/Jimmy_Stewart_(racing_driver),Stewart,British,Jimmy_Stewart Stewart,
Ian_Stewart,9.18979E+11,\N,http://en.wikipedia.org/wiki/Ian_Stewart_(racing_driver),Stewart,British,Ian_Stewart Stewart,
Duncan_Hamilton,9.18979E+11,\N,http://en.wikipedia.org/wiki/Duncan_Hamilton_(racing_driver),Hamilton,British,Duncan_Hamilton Hamilton,
Klodwig,9.18979E+11,\N,http://en.wikipedia.org/wiki/Ernst_Klodwig,Klodwig,East German,Klodwig Klodwig,
Krause,9.18979E+11,\N,http://en.wikipedia.org/wiki/Rudolf_Krause,Krause,East German,Krause Krause,
Karch,9.18979E+11,\N,http://en.wikipedia.org/wiki/Oswald_Karch,Karch,German,Karch Karch,
Heeks,9.18979E+11,\N,http://en.wikipedia.org/wiki/Willi_Heeks,Heeks,German,Heeks Heeks,
Fitzau,9.18979E+11,\N,http://en.wikipedia.org/wiki/Theo_Fitzau,Fitzau,East German,Fitzau Fitzau,
Adolff,9.18979E+11,\N,http://en.wikipedia.org/wiki/Kurt_Adolff,Adolff,German,Adolff Adolff,
Bechem,9.18979E+11,\N,http://en.wikipedia.org/wiki/G%C3%BCnther_Bechem,Bechem,German,Bechem Bechem,
Bauer,9.18979E+11,\N,http://en.wikipedia.org/wiki/Erwin_Bauer,Bauer,German,Bauer Bauer,
Hans_Stuck,9.18979E+11,\N,http://en.wikipedia.org/wiki/Hans_Von_Stuck,von Stuck,German,Hans_Stuck von Stuck,
Loof,9.18979E+11,\N,http://en.wikipedia.org/wiki/Ernst_Loof,Loof,German,Loof Loof,
Scherrer,9.18979E+11,\N,http://en.wikipedia.org/wiki/Albert_Scherrer,Scherrer,Swiss,Scherrer Scherrer,
Terra,9.18979E+11,\N,http://en.wikipedia.org/wiki/Max_de_Terra,de Terra,Swiss,Terra de Terra,
Hirt,9.18979E+11,\N,http://en.wikipedia.org/wiki/Peter_Hirt,Hirt,Swiss,Hirt Hirt,
Carini,9.18979E+11,\N,http://en.wikipedia.org/wiki/Piero_Carini,Carini,Italian,Carini Carini,
Fischer,9.18979E+11,\N,http://en.wikipedia.org/wiki/Rudi_Fischer,Fischer,Swiss,Fischer Fischer,
Ulmen,9.18979E+11,\N,http://en.wikipedia.org/wiki/Toni_Ulmen,Ulmen,German,Ulmen Ulmen,
Abecassis,9.18979E+11,\N,http://en.wikipedia.org/wiki/George_Abecassis,Abecassis,British,Abecassis Abecassis,
George_Connor,9.18979E+11,\N,http://en.wikipedia.org/wiki/George_Connor_(driver),Connor,American,George_Connor Connor,
Rigsby,9.18979E+11,\N,http://en.wikipedia.org/wiki/Jim_Rigsby,Rigsby,American,Rigsby Rigsby,
James,9.18979E+11,\N,http://en.wikipedia.org/wiki/Joe_James_(racing_driver),James,American,James James,
Schindler,9.18979E+11,\N,http://en.wikipedia.org/wiki/Bill_Schindler,Schindler,American,Schindler Schindler,
Fonder,9.18979E+11,\N,http://en.wikipedia.org/wiki/George_Fonder,Fonder,American,Fonder Fonder,
Banks,9.18979E+11,\N,http://en.wikipedia.org/wiki/Henry_Banks,Banks,American,Banks Banks,
Mcdowell,9.18979E+11,\N,http://en.wikipedia.org/wiki/Johnny_McDowell,McDowell,American,Mcdowell McDowell,
Miller,9.18979E+11,\N,http://en.wikipedia.org/wiki/Chet_Miller,Miller,American,Miller Miller,
Ball,9.18979E+11,\N,http://en.wikipedia.org/wiki/Bobby_Ball_(auto_racer),Ball,American,Ball Ball,
Tornaco,9.18979E+11,\N,http://en.wikipedia.org/wiki/Charles_de_Tornaco,de Tornaco,Belgian,Tornaco de Tornaco,
Laurent,9.18979E+11,\N,http://en.wikipedia.org/wiki/Roger_Laurent,Laurent,Belgian,Laurent Laurent,
Obrien,9.18979E+11,\N,http://en.wikipedia.org/wiki/Robert_O%27Brien_(auto_racer),O'Brien,American,Obrien O'Brien,
Gaze,9.18979E+11,\N,http://en.wikipedia.org/wiki/Tony_Gaze,Gaze,Australian,Gaze Gaze,
Charrington,9.18979E+11,\N,http://en.wikipedia.org/wiki/Robin_Montgomerie-Charrington,Montgomerie-Charrington,British,Charrington Montgomerie-Charrington,
Comotti,9.18979E+11,\N,http://en.wikipedia.org/wiki/Franco_Comotti,Comotti,Italian,Comotti Comotti,
Etancelin,9.18979E+11,\N,http://en.wikipedia.org/wiki/Philippe_%C3%89tancelin,Étancelin,French,Etancelin Étancelin,
Poore,9.18979E+11,\N,http://en.wikipedia.org/wiki/Dennis_Poore,Poore,British,Poore Poore,
Thompson,9.18979E+11,\N,http://en.wikipedia.org/wiki/Eric_Thompson_(racing_driver),Thompson,British,Thompson Thompson,
Downing,9.18979E+11,\N,http://en.wikipedia.org/wiki/Ken_Downing,Downing,British,Downing Downing,
Graham_Whitehead,9.18979E+11,\N,http://en.wikipedia.org/wiki/Graham_Whitehead,Whitehead,British,Graham_Whitehead Whitehead,
Bianco,9.18979E+11,\N,http://en.wikipedia.org/wiki/Gino_Bianco,Bianco,Brazilian,Bianco Bianco,
Murray,9.18979E+11,\N,http://en.wikipedia.org/wiki/David_Murray_(driver),Murray,British,Murray Murray,
Cantoni,9.18979E+11,\N,http://en.wikipedia.org/wiki/Eitel_Cantoni,Cantoni,Uruguayan,Cantoni Cantoni,
Aston,9.18979E+11,\N,http://en.wikipedia.org/wiki/Bill_Aston,Aston,British,Aston Aston,
Brudes,9.18979E+11,\N,http://en.wikipedia.org/wiki/Adolf_Brudes,Brudes,German,Brudes Brudes,
Riess,9.18979E+11,\N,http://en.wikipedia.org/wiki/Fritz_Riess,Riess,German,Riess Riess,
Niedermayr,9.18979E+11,\N,http://en.wikipedia.org/wiki/Helmut_Niedermayr,Niedermayr,German,Niedermayr Niedermayr,
Klenk,9.18979E+11,\N,http://en.wikipedia.org/wiki/Hans_Klenk,Klenk,German,Klenk Klenk,
Balsa,9.18979E+11,\N,http://en.wikipedia.org/wiki/Marcel_Balsa,Balsa,French,Balsa Balsa,
Schoeller,9.18979E+11,\N,http://en.wikipedia.org/wiki/Rudolf_Schoeller,Schoeller,Swiss,Schoeller Schoeller,
Pietsch,9.18979E+11,\N,http://en.wikipedia.org/wiki/Paul_Pietsch,Pietsch,German,Pietsch Pietsch,
Peters,9.18979E+11,\N,http://en.wikipedia.org/wiki/Josef_Peters_(driver),Peters,German,Peters Peters,
Lof,9.18979E+11,\N,http://en.wikipedia.org/wiki/Dries_van_der_Lof,van der Lof,Dutch,Lof van der Lof,
Flinterman,9.18979E+11,\N,http://en.wikipedia.org/wiki/Jan_Flinterman,Flinterman,Dutch,Flinterman Flinterman,
Dusio,9.18979E+11,\N,http://en.wikipedia.org/wiki/Piero_Dusio,Dusio,Italian,Dusio Dusio,
Crespo,9.18979E+11,\N,http://en.wikipedia.org/wiki/Alberto_Crespo,Crespo,Argentine,Crespo Crespo,
Rol,9.18979E+11,\N,http://en.wikipedia.org/wiki/Franco_Rol,Rol,Italian,Rol Rol,
Sanesi,9.18979E+11,\N,http://en.wikipedia.org/wiki/Consalvo_Sanesi,Sanesi,Italian,Sanesi Sanesi,
Guy_Mairesse,9.18979E+11,\N,http://en.wikipedia.org/wiki/Guy_Mairesse,Mairesse,French,Guy_Mairesse Mairesse,
Louveau,9.18979E+11,\N,http://en.wikipedia.org/wiki/Henri_Louveau,Louveau,French,Louveau Louveau,
Wallard,9.18979E+11,\N,http://en.wikipedia.org/wiki/Lee_Wallard,Wallard,American,Wallard Wallard,
Forberg,9.18979E+11,\N,http://en.wikipedia.org/wiki/Carl_Forberg,Forberg,American,Forberg Forberg,
Rose,9.18979E+11,\N,http://en.wikipedia.org/wiki/Mauri_Rose,Rose,American,Rose Rose,
Mackey,9.18979E+11,\N,http://en.wikipedia.org/wiki/Bill_Mackey,Mackey,American,Mackey Mackey,
Green,9.18979E+11,\N,http://en.wikipedia.org/wiki/Cecil_Green,Green,American,Green Green,
Walt_Brown,9.18979E+11,\N,http://en.wikipedia.org/wiki/Walt_Brown_(auto_racer),Brown,American,Walt_Brown Brown,
Hellings,9.18979E+11,\N,http://en.wikipedia.org/wiki/Mack_Hellings,Hellings,American,Hellings Hellings,
Levegh,9.18979E+11,\N,http://en.wikipedia.org/wiki/Pierre_Levegh,Levegh,French,Levegh Levegh,
Chaboud,9.18979E+11,\N,http://en.wikipedia.org/wiki/Eug%C3%A8ne_Chaboud,Chaboud,French,Chaboud Chaboud,
Gordini,9.18979E+11,\N,http://en.wikipedia.org/wiki/Aldo_Gordini,Gordini,French,Gordini Gordini,
Kelly,9.18979E+11,\N,http://en.wikipedia.org/wiki/Joe_Kelly_(Formula_One),Kelly,Irish,Kelly Kelly,
Parker,9.18979E+11,\N,http://en.wikipedia.org/wiki/Philip_Fotheringham-Parker,Fotheringham-Parker,British,Parker Fotheringham-Parker,
Shawe_Taylor,9.18979E+11,\N,http://en.wikipedia.org/wiki/Brian_Shawe_Taylor,Shawe Taylor,British,Shawe_Taylor Shawe Taylor,
John_James,9.18979E+11,\N,http://en.wikipedia.org/wiki/John_James_(auto_racer),James,British,John_James James,
Branca,9.18979E+11,\N,http://en.wikipedia.org/wiki/Toni_Branca,Branca,Swiss,Branca Branca,
Richardson,9.18979E+11,\N,http://en.wikipedia.org/wiki/Ken_Richardson_(race_car_driver),Richardson,British,Richardson Richardson,
Jover,9.18979E+11,\N,http://en.wikipedia.org/wiki/Juan_Jover,Jover,Spanish,Jover Jover,
Grignard,9.18979E+11,\N,http://en.wikipedia.org/wiki/Georges_Grignard,Grignard,French,Grignard Grignard,
Hampshire,9.18979E+11,\N,http://en.wikipedia.org/wiki/David_Hampshire,Hampshire,British,Hampshire Hampshire,
Crossley,9.18979E+11,\N,http://en.wikipedia.org/wiki/Geoff_Crossley,Crossley,British,Crossley Crossley,
Fagioli,9.18979E+11,\N,http://en.wikipedia.org/wiki/Luigi_Fagioli,Fagioli,Italian,Fagioli Fagioli,
Harrison,9.18979E+11,\N,http://en.wikipedia.org/wiki/Cuth_Harrison,Harrison,British,Harrison Harrison,
Fry,9.18979E+11,\N,http://en.wikipedia.org/wiki/Joe_Fry,Fry,British,Fry Fry,
Martin,9.18979E+11,\N,http://en.wikipedia.org/wiki/Eug%C3%A8ne_Martin,Martin,French,Martin Martin,
Leslie_Johnson,9.18979E+11,\N,http://en.wikipedia.org/wiki/Leslie_Johnson_(racing_driver),Johnson,British,Leslie_Johnson Johnson,
Biondetti,9.18979E+11,\N,http://en.wikipedia.org/wiki/Clemente_Biondetti,Biondetti,Italian,Biondetti Biondetti,
Pian,9.18979E+11,\N,http://en.wikipedia.org/wiki/Alfredo_Pi%C3%A0n,Pián,Argentine,Pian Pián,
Sommer,9.18979E+11,\N,http://en.wikipedia.org/wiki/Raymond_Sommer,Sommer,French,Sommer Sommer,
Chitwood,9.18979E+11,\N,http://en.wikipedia.org/wiki/Joie_Chitwood,Chitwood,American,Chitwood Chitwood,
Fohr,9.18979E+11,\N,http://en.wikipedia.org/wiki/Myron_Fohr,Fohr,American,Fohr Fohr,
Ader,9.18979E+11,\N,http://en.wikipedia.org/wiki/Walt_Ader,Ader,American,Ader Ader,
Holmes,9.18979E+11,\N,http://en.wikipedia.org/wiki/Jackie_Holmes,Holmes,American,Holmes Holmes,
Levrett,9.18979E+11,\N,http://en.wikipedia.org/wiki/Bayliss_Levrett,Levrett,American,Levrett Levrett,
Jackson,9.18979E+11,\N,http://en.wikipedia.org/wiki/Jimmy_Jackson_(driver),Jackson,American,Jackson Jackson,
Pagani,9.18979E+11,\N,http://en.wikipedia.org/wiki/Nello_Pagani,Pagani,Italian,Pagani Pagani,
Pozzi,9.18979E+11,\N,http://en.wikipedia.org/wiki/Charles_Pozzi,Pozzi,French,Pozzi Pozzi,
Serafini,9.18979E+11,\N,http://en.wikipedia.org/wiki/Dorino_Serafini,Serafini,Italian,Serafini Serafini,
Cantrell,9.18979E+11,\N,http://en.wikipedia.org/wiki/William_Cantrell,Cantrell,American,Cantrell Cantrell,
Mantz,9.18979E+11,\N,http://en.wikipedia.org/wiki/Johnny_Mantz,Mantz,American,Mantz Mantz,
Kladis,9.18979E+11,\N,http://en.wikipedia.org/wiki/Danny_Kladis,Kladis,American,Kladis Kladis,
Oscar_Gonzalez,9.18979E+11,\N,http://en.wikipedia.org/wiki/Oscar_Gonz%C3%A1lez_(racing_driver),González,Uruguayan,Oscar_Gonzalez González,
Hulkenberg,9.18979E+11,HUL,http://en.wikipedia.org/wiki/Nico_H%C3%BClkenberg,Hülkenberg,German,Hulkenberg Hülkenberg,
Petrov,9.18979E+11,PET,http://en.wikipedia.org/wiki/Vitaly_Petrov,Petrov,Russian,Petrov Petrov,
Grassi,9.18979E+11,DIG,http://en.wikipedia.org/wiki/Lucas_di_Grassi,di Grassi,Brazilian,Grassi di Grassi,
Bruno_Senna,9.18979E+11,SEN,http://en.wikipedia.org/wiki/Bruno_Senna,Senna,Brazilian,Bruno_Senna Senna,
Chandhok,9.18979E+11,CHA,http://en.wikipedia.org/wiki/Karun_Chandhok,Chandhok,Indian,Chandhok Chandhok,
Maldonado,9.18979E+11,MAL,http://en.wikipedia.org/wiki/Pastor_Maldonado,Maldonado,Venezuelan,Maldonado Maldonado,
Resta,9.18979E+11,DIR,http://en.wikipedia.org/wiki/Paul_di_Resta,di Resta,British,Resta di Resta,
Perez,9.18979E+11,PER,http://en.wikipedia.org/wiki/Sergio_P%C3%A9rez,Pérez,Mexican,Perez Pérez,
Ambrosio,9.18979E+11,DAM,http://en.wikipedia.org/wiki/J%C3%A9r%C3%B4me_d%27Ambrosio,d'Ambrosio,Belgian,Ambrosio d'Ambrosio,
Ricciardo,9.18979E+11,RIC,http://en.wikipedia.org/wiki/Daniel_Ricciardo,Ricciardo,Australian,Ricciardo Ricciardo,
Vergne,9.18979E+11,VER,http://en.wikipedia.org/wiki/Jean-%C3%89ric_Vergne,Vergne,French,Vergne Vergne,
Pic,9.18979E+11,PIC,http://en.wikipedia.org/wiki/Charles_Pic,Pic,French,Pic Pic,
Chilton,9.18979E+11,CHI,http://en.wikipedia.org/wiki/Max_Chilton,Chilton,British,Chilton Chilton,
Gutierrez,9.18979E+11,GUT,http://en.wikipedia.org/wiki/Esteban_Guti%C3%A9rrez,Gutiérrez,Mexican,Gutierrez Gutiérrez,
Bottas,9.18979E+11,BOT,http://en.wikipedia.org/wiki/Valtteri_Bottas,Bottas,Finnish,Bottas Bottas,
Garde,9.18979E+11,VDG,http://en.wikipedia.org/wiki/Giedo_van_der_Garde,van der Garde,Dutch,Garde van der Garde,
Jules_Bianchi,9.18979E+11,BIA,http://en.wikipedia.org/wiki/Jules_Bianchi,Bianchi,French,Jules_Bianchi Bianchi,
Kevin_Magnussen,9.18979E+11,MAG,http://en.wikipedia.org/wiki/Kevin_Magnussen,Magnussen,Danish,Kevin_Magnussen Magnussen,
Kvyat,9.18979E+11,KVY,http://en.wikipedia.org/wiki/Daniil_Kvyat,Kvyat,Russian,Kvyat Kvyat,
Lotterer,9.18979E+11,LOT,http://en.wikipedia.org/wiki/Andr%C3%A9_Lotterer,Lotterer,German,Lotterer Lotterer,
Ericsson,9.18979E+11,ERI,http://en.wikipedia.org/wiki/Marcus_Ericsson,Ericsson,Swedish,Ericsson Ericsson,
Stevens,9.18979E+11,STE,http://en.wikipedia.org/wiki/Will_Stevens,Stevens,British,Stevens Stevens,
Max_Verstappen,9.18979E+11,VER,http://en.wikipedia.org/wiki/Max_Verstappen,Verstappen,Dutch,Max_Verstappen Verstappen,
Nasr,9.18979E+11,NAS,http://en.wikipedia.org/wiki/Felipe_Nasr,Nasr,Brazilian,Nasr Nasr,
Sainz,9.18979E+11,SAI,http://en.wikipedia.org/wiki/Carlos_Sainz_Jr.,Sainz,Spanish,Sainz Sainz,
Merhi,9.18979E+11,MER,http://en.wikipedia.org/wiki/Roberto_Merhi,Merhi,Spanish,Merhi Merhi,
Rossi,9.18979E+11,RSS,http://en.wikipedia.org/wiki/Alexander_Rossi_%28racing_driver%29,Rossi,American,Rossi Rossi,
Jolyon_Palmer,9.18979E+11,PAL,http://en.wikipedia.org/wiki/Jolyon_Palmer,Palmer,British,Jolyon_Palmer Palmer,
Wehrlein,9.18979E+11,WEH,http://en.wikipedia.org/wiki/Pascal_Wehrlein,Wehrlein,German,Wehrlein Wehrlein,
Haryanto,9.18979E+11,HAR,http://en.wikipedia.org/wiki/Rio_Haryanto,Haryanto,Indonesian,Haryanto Haryanto,
Vandoorne,9.18979E+11,VAN,http://en.wikipedia.org/wiki/Stoffel_Vandoorne,Vandoorne,Belgian,Vandoorne Vandoorne,
Ocon,9.18979E+11,OCO,http://en.wikipedia.org/wiki/Esteban_Ocon,Ocon,French,Ocon Ocon,
Stroll,9.18979E+11,STR,http://en.wikipedia.org/wiki/Lance_Stroll,Stroll,Canadian,Stroll Stroll,
Giovinazzi,9.18979E+11,GIO,http://en.wikipedia.org/wiki/Antonio_Giovinazzi,Giovinazzi,Italian,Giovinazzi Giovinazzi,
Brendon_Hartley,9.18979E+11,HAR,http://en.wikipedia.org/wiki/Brendon_Hartley,Hartley,New Zealander,Brendon_Hartley Hartley,
Leclerc,9.18979E+11,LEC,http://en.wikipedia.org/wiki/Charles_Leclerc,Leclerc,Monegasque,Leclerc Leclerc,
Sirotkin,9.18979E+11,SIR,http://en.wikipedia.org/wiki/Sergey_Sirotkin_(racing_driver),Sirotkin,Russian,Sirotkin Sirotkin,
Norris,9.18979E+11,NOR,http://en.wikipedia.org/wiki/Lando_Norris,Norris,British,Norris Norris,
Russell,9.18979E+11,RUS,http://en.wikipedia.org/wiki/George_Russell_(racing_driver),Russell,British,Russell Russell,
Albon,9.18979E+11,ALB,http://en.wikipedia.org/wiki/Alexander_Albon,Albon,Thai,Albon Albon,
Latifi,9.18979E+11,LAT,http://en.wikipedia.org/wiki/Nicholas_Latifi,Latifi,Canadian,Latifi Latifi,
Pietro_Fittipaldi,9.18979E+11,FIT,http://en.wikipedia.org/wiki/Pietro_Fittipaldi,Fittipaldi,Brazilian,Pietro_Fittipaldi Fittipaldi,
Aitken,9.18979E+11,AIT,http://en.wikipedia.org/wiki/Jack_Aitken,Aitken,British,Aitken Aitken,
Tsunoda,9.18979E+11,TSU,http://en.wikipedia.org/wiki/Yuki_Tsunoda,Tsunoda,Japanese,Tsunoda Tsunoda,
Mazepin,9.18979E+11,MAZ,http://en.wikipedia.org/wiki/Nikita_Mazepin,Mazepin,Russian,Mazepin Mazepin,
Mick_Schumacher,9.18979E+11,MSC,http://en.wikipedia.org/wiki/Mick_Schumacher,Schumacher,German,Mick_Schumacher Schumacher,
Zhou,9.18979E+11,ZHO,http://en.wikipedia.org/wiki/Zhou_Guanyu,Zhou,Chinese,Zhou Zhou,
De_Vries,9.18979E+11,DEV,http://en.wikipedia.org/wiki/Nyck_de_Vries,de Vries,Dutch,De_Vries de Vries,
Piastri,9.18979E+11,PIA,http://en.wikipedia.org/wiki/Oscar_Piastri,Piastri,Australian,Piastri Piastri,
Sargeant,9.18979E+11,SAR,http://en.wikipedia.org/wiki/Logan_Sargeant,Sargeant,American,Sargeant Sargeant,
